-- phpMyAdmin SQL Dump
-- version 3.3.10.5
-- http://www.phpmyadmin.net
--
-- Host: localhost
-- Generation Time: Feb 26, 2016 at 12:04 PM
-- Server version: 5.5.27
-- PHP Version: 5.6.16

SET SQL_MODE="NO_AUTO_VALUE_ON_ZERO";


/*!40101 SET @OLD_CHARACTER_SET_CLIENT=@@CHARACTER_SET_CLIENT */;
/*!40101 SET @OLD_CHARACTER_SET_RESULTS=@@CHARACTER_SET_RESULTS */;
/*!40101 SET @OLD_COLLATION_CONNECTION=@@COLLATION_CONNECTION */;
/*!40101 SET NAMES utf8 */;

--
-- Database: `dealerstores_libertypumps`
--

-- --------------------------------------------------------

--
-- Table structure for table `bad_orders`
--

DROP TABLE IF EXISTS `bad_orders`;
CREATE TABLE IF NOT EXISTS `bad_orders` (
  `id` int(10) unsigned NOT NULL AUTO_INCREMENT,
  `date_posted` timestamp NOT NULL DEFAULT CURRENT_TIMESTAMP,
  `xml_data` text,
  `request_data` text,
  PRIMARY KEY (`id`)
) ENGINE=InnoDB DEFAULT CHARSET=utf8 AUTO_INCREMENT=1 ;

--
-- Dumping data for table `bad_orders`
--


-- --------------------------------------------------------

--
-- Table structure for table `distributors`
--

DROP TABLE IF EXISTS `distributors`;
CREATE TABLE IF NOT EXISTS `distributors` (
  `id` int(10) unsigned NOT NULL AUTO_INCREMENT,
  `user_id` varchar(255) DEFAULT NULL,
  `customer_id` varchar(255) DEFAULT NULL,
  `password` varchar(255) DEFAULT NULL,
  `approved` tinyint(1) NOT NULL DEFAULT '0',
  `price_level` varchar(255) DEFAULT NULL,
  PRIMARY KEY (`id`)
) ENGINE=InnoDB  DEFAULT CHARSET=utf8 AUTO_INCREMENT=35 ;

--
-- Dumping data for table `distributors`
--

INSERT INTO `distributors` (`id`, `user_id`, `customer_id`, `password`, `approved`, `price_level`) VALUES
(1, 'RascalFlatts@Libertypumps.com', '9668', 'ilovechicken1987', 1, 'US Dist'),
(2, 'Mariah.Carey@Libertypumps.com', '9668*1', 'ilikepizza20047', 1, 'US Dist'),
(3, 'klsamson@emcoltd.com', '4514*342', 'matterin', 1, 'CA Dist'),
(4, 'MKE@FWWEBB.COM', '7038*4', '$WEBB01', 1, 'US Dist'),
(5, 'bill.wu@libertypumps.com', '4039', 'CalebCone579!', 1, 'CA Dist'),
(6, 'jacob.cone@libertypumps.com', '4039', 'LibertyPumps21', 1, 'CA Dist'),
(7, 'edmund.sobresky@libertypumps.com', '4039', 'ezpartsisgreat!', 1, 'US Dist'),
(8, 'barney.fife@libertypumps.com', '4039', 'gomerpyle123!', 1, 'US Dist'),
(9, 'homer.simpson@libertypumps.com', '4039', 'doh123!', 1, 'US Dist'),
(10, 'peter.griffin@libertypumps.com', '4039', 'peter123!', 1, 'US Dist'),
(11, 'BL@PeteIsCool.com', '4039*1073', 'TestThis123', 1, 'US Dist'),
(12, 'dinkythecat278@libertypumps.com', '4039*1083', 'peter123', 1, 'US Dist'),
(13, 'LISA.MORRILL@LIBERTYPUMPS.COM', '8045', 'FAKE', 1, 'US Dist'),
(14, 'LISA.MORRILL@LIBERTYPUMPS.COM', '8045*3', 'NUTCASE', 0, ''),
(15, 'gary.porath@goodinco.com', '3142', 'goodin1', 1, 'US Dist'),
(16, 'grekory@grekory.com', '2812', 'CHAMBE', 1, 'US Dist'),
(17, 'frankc@hamburgsupply.com', '9736', 'nyy15', 1, 'US Dist'),
(18, 'vincent.pitchen@agencedesjardins.com', '566', 'Pro370QTT', 1, 'CA Dist'),
(19, 'jessica.bellavance@agencedesjardins.com', '566', 'syjesisa6274492', 1, 'CA Dist'),
(20, 'dominique.payette@agencedesjardins.com', '566', '4545', 1, 'CA Dist'),
(21, 'Djacobs@lewis-smithsupply.com', '2325', '061904', 1, 'US Dist'),
(22, 'david@modernplumbing.biz', '9342*1', 'berlin', 1, 'US Dist'),
(23, 'BRIANH@NICKLASSUPPLY.COM', '1399*2', 'BTHSR', 1, 'US Dist'),
(24, 'JCannon@SniderInc.com', '5004', 'INNOVATE', 1, 'US Dist'),
(25, 'guy@stowellpumps.ca', '9728', 'canseis1', 1, ''),
(26, 'RBOGUMINSKI@VPSUPPLY.COM', '7036', 'BOGIEVP1', 1, 'US Dist'),
(27, 'lynn.turpin@wolseleyinc.ca', '4671*26', 'alexisht', 1, 'CA Dist'),
(28, 'jkmurph657@verizon.net', '9946*1', 'patriots1', 1, 'US Dist'),
(29, 'Mike.Wing@bghusa.com', '10015*83', 'BlakeNE', 1, 'US Dist'),
(30, 'twconkle@winnelson.com', '2000', 'kidtc2776', 1, 'US Dist'),
(31, 'accappalla@winnelson.com', '2000*86', '181818', 1, 'US Dist'),
(32, 'jim@montclairsupplycorp.com', '10319', 'Maple', 1, 'US Dist'),
(33, 'chris@dadepump.com', '10475', 'PEPPER', 1, 'US Dist'),
(34, 'steve.ritsema@libertypumps.com', '5018', 'Omnivore', 1, 'CA Dist');

-- --------------------------------------------------------

--
-- Table structure for table `orders`
--

DROP TABLE IF EXISTS `orders`;
CREATE TABLE IF NOT EXISTS `orders` (
  `id` int(10) unsigned NOT NULL AUTO_INCREMENT,
  `order_date` timestamp NOT NULL DEFAULT CURRENT_TIMESTAMP,
  `payload_id` varchar(30) DEFAULT NULL,
  `number` varchar(30) DEFAULT NULL,
  `price_type_id` int(10) unsigned NOT NULL,
  `language_code` varchar(3) NOT NULL,
  `subtotal` decimal(10,2) DEFAULT NULL,
  `handling` decimal(10,2) DEFAULT NULL,
  `shipping_tax_mode` enum('merchandise','total') DEFAULT NULL,
  `shipping_tax` decimal(10,2) DEFAULT NULL,
  `shipping_tax_description` varchar(255) DEFAULT NULL,
  `shipping_type` varchar(255) DEFAULT NULL,
  `shipping_method` varchar(255) DEFAULT NULL,
  `shipping_cost` decimal(10,2) DEFAULT NULL,
  `shipping_instructions` text,
  `token` varchar(20) DEFAULT NULL,
  `transaction_id` varchar(19) DEFAULT NULL,
  `payment_type` enum('paypal','creditcard') DEFAULT NULL,
  `payment_date` datetime DEFAULT NULL,
  `payment_status` varchar(20) DEFAULT NULL,
  `total` decimal(10,2) DEFAULT NULL,
  `xml_data` text,
  `status` enum('new','processed') NOT NULL DEFAULT 'new',
  PRIMARY KEY (`id`)
) ENGINE=InnoDB  DEFAULT CHARSET=utf8 AUTO_INCREMENT=141 ;

--
-- Dumping data for table `orders`
--

INSERT INTO `orders` (`id`, `order_date`, `payload_id`, `number`, `price_type_id`, `language_code`, `subtotal`, `handling`, `shipping_tax_mode`, `shipping_tax`, `shipping_tax_description`, `shipping_type`, `shipping_method`, `shipping_cost`, `shipping_instructions`, `token`, `transaction_id`, `payment_type`, `payment_date`, `payment_status`, `total`, `xml_data`, `status`) VALUES
(73, '2013-12-05 13:57:30', '20131205135626_0001_926343', 'TESTPO123456', 1, 'en', '15.22', '0.00', 'total', '2.35', '(8.00 % TAX)', 'ups', 'UPS Ground', '14.19', 'Shipping Instructions Here...', 'EC-54H172714X3616004', '7VV159719H3935021', 'paypal', '2013-12-05 11:57:20', 'Completed', '31.76', '<?xml version="1.0" encoding="utf-8"?><!DOCTYPE cXML SYSTEM "http://xml.cxml.org/schemas/cXML/1.2.014/cXML.dtd"><cXML xml:lang="en-US" payloadID="20131205135626_0001_926343" timestamp="2013-12-05T13:56:26-0600"><Request><OrderRequest><OrderRequestHeader orderID="20131205135626_0001_926343" orderDate="2013-12-05T13:56:26-0600"><Total><Money currency="USD">15.22</Money></Total><ShipTo><Address><Name xml:lang="en-US"></Name><PostalAddress><PONumber>TESTPO123456</PONumber><DeliverTo></DeliverTo><FullName>Peter Cunningham</FullName><Street>9497 Warsaw Rd.</Street><Street></Street><City>LeRoy</City><State>ny</State><PostalCode>14482</PostalCode><Country>US</Country></PostalAddress><Email>peter.cunningham@libertypumps.com</Email><Phone name="work"><TelephoneNumber><CountryCode isoCountryCode="US">1</CountryCode><AreaOrCityCode>585</AreaOrCityCode><Number>502-5113</Number></TelephoneNumber></Phone></Address></ShipTo><Comments>Checkout Notes Here...</Comments><Extrinsic name="OrderType"></Extrinsic><Extrinsic name="PurchaseOrderNumber"></Extrinsic><Extrinsic name="SessionId"></Extrinsic></OrderRequestHeader><ItemOut quantity="1"><ItemID><SupplierPartID>K001036</SupplierPartID><SupplierPartAuxiliaryID /></ItemID><ItemDetail><UnitPrice><Money currency="USD">15.22</Money></UnitPrice><Description xml:lang="en">IMPELLER</Description><UnitOfMeasure /></ItemDetail></ItemOut></OrderRequest></Request></cXML>', 'new'),
(76, '2013-12-11 09:57:32', '20131211095624_0001_743671', 'MYTESTPO987654', 1, 'en', '0.35', '0.00', 'total', '1.16', '(8.00 % TAX)', 'ups', 'UPS Ground', '14.19', 'shipping note....', 'EC-6HG03051K13008306', '3S8927814J471105L', 'paypal', '2013-12-11 07:57:24', 'Completed', '15.70', '<?xml version="1.0" encoding="utf-8"?><!DOCTYPE cXML SYSTEM "http://xml.cxml.org/schemas/cXML/1.2.014/cXML.dtd"><cXML xml:lang="en-US" payloadID="20131211095624_0001_743671" timestamp="2013-12-11T09:56:24-0600"><Request><OrderRequest><OrderRequestHeader orderID="20131211095624_0001_743671" orderDate="2013-12-11T09:56:24-0600"><Total><Money currency="USD">0.35</Money></Total><ShipTo><Address><Name xml:lang="en-US"></Name><PostalAddress><DeliverTo></DeliverTo><FullName>Peter Cunningham</FullName><Street>My Street IS</Street><Street></Street><City>City of culture</City><State>NY</State><PostalCode>14482</PostalCode><Country>US</Country></PostalAddress><Email>peter.cunningham@libertypumps.com</Email><Phone name="work"><TelephoneNumber><CountryCode isoCountryCode="US">1</CountryCode><AreaOrCityCode>585</AreaOrCityCode><Number>502-5113</Number></TelephoneNumber></Phone></Address></ShipTo><Comments>checkout screen note...</Comments><Extrinsic name="OrderType"></Extrinsic><Extrinsic name="PurchaseOrderNumber">MYTESTPO987654</Extrinsic><Extrinsic name="SessionId"></Extrinsic></OrderRequestHeader><ItemOut quantity="1"><ItemID><SupplierPartID>8091000</SupplierPartID><SupplierPartAuxiliaryID /></ItemID><ItemDetail><UnitPrice><Money currency="USD">0.35</Money></UnitPrice><Description xml:lang="en">1/4-20 x 1 HEX SOCKET HEAD BOLT</Description><UnitOfMeasure /></ItemDetail></ItemOut></OrderRequest></Request></cXML>', 'new'),
(77, '2013-12-12 10:42:51', '20131212104006_0001_841827', 'PO123456789', 1, 'en', '0.81', '0.00', 'total', '1.20', '(8.00 % TAX)', 'ups', 'UPS Ground', '14.19', 'Shipping Instructions....', 'EC-00402233P2847863N', '4TY77468GR0666724', 'paypal', '2013-12-12 08:42:41', 'Completed', '16.20', '<?xml version="1.0" encoding="utf-8"?><!DOCTYPE cXML SYSTEM "http://xml.cxml.org/schemas/cXML/1.2.014/cXML.dtd"><cXML xml:lang="en-US" payloadID="20131212104006_0001_841827" timestamp="2013-12-12T10:40:06-0600"><Request><OrderRequest><OrderRequestHeader orderID="20131212104006_0001_841827" orderDate="2013-12-12T10:40:06-0600"><Total><Money currency="USD">0.81</Money></Total><ShipTo><Address><Name xml:lang="en-US"></Name><PostalAddress><DeliverTo></DeliverTo><FullName>Peter Cunningham</FullName><Street>9497 Warsaw</Street><Street></Street><City>Bergen</City><State>NY</State><PostalCode>14416</PostalCode><Country>US</Country></PostalAddress><Email>peter.cunningham@libertypumps.com</Email><Phone name="work"><TelephoneNumber><CountryCode isoCountryCode="US">1</CountryCode><AreaOrCityCode>585</AreaOrCityCode><Number>502-5113</Number></TelephoneNumber></Phone></Address></ShipTo><Comments>Checkout notes here....</Comments><Extrinsic name="OrderType"></Extrinsic><Extrinsic name="PurchaseOrderNumber">PO123456789</Extrinsic><Extrinsic name="SessionId"></Extrinsic></OrderRequestHeader><ItemOut quantity="1"><ItemID><SupplierPartID>5060000</SupplierPartID><SupplierPartAuxiliaryID /></ItemID><ItemDetail><UnitPrice><Money currency="USD">0.81</Money></UnitPrice><Description xml:lang="en">CORD PLATE GASKET</Description><UnitOfMeasure /></ItemDetail></ItemOut></OrderRequest></Request></cXML>', 'new'),
(78, '2014-01-23 08:29:13', '20140123082640_0001_159466', '', 1, 'en', '23.90', '0.00', 'total', '0.00', NULL, 'ups', 'UPS Ground', '16.33', NULL, 'EC-36F34747P7223092D', '1CH12552T5511414R', 'paypal', '2014-01-23 06:29:11', 'Completed', '40.23', '<?xml version="1.0" encoding="utf-8"?><!DOCTYPE cXML SYSTEM "http://xml.cxml.org/schemas/cXML/1.2.014/cXML.dtd"><cXML xml:lang="en-US" payloadID="20140123082640_0001_159466" timestamp="2014-01-23T08:26:40-0600"><Request><OrderRequest><OrderRequestHeader orderID="20140123082640_0001_159466" orderDate="2014-01-23T08:26:40-0600"><Total><Money currency="USD">23.90</Money></Total><ShipTo><Address><Name xml:lang="en-US"></Name><PostalAddress><DeliverTo></DeliverTo><FullName>BOXLEY c/o WILLIAM MARTIN</FullName><Street>201 KOEHLER RD.</Street><Street></Street><City>MARTINSVILLE</City><State>VA</State><PostalCode>24112</PostalCode><Country>US</Country></PostalAddress><Email>WMARTIN@BOXLEY.COM</Email><Phone name="work"><TelephoneNumber><CountryCode isoCountryCode="US">1</CountryCode><AreaOrCityCode>276</AreaOrCityCode><Number>340-9771</Number></TelephoneNumber></Phone></Address></ShipTo><Comments></Comments><Extrinsic name="OrderType"></Extrinsic><Extrinsic name="PurchaseOrderNumber"></Extrinsic><Extrinsic name="SessionId"></Extrinsic></OrderRequestHeader><ItemOut quantity="1"><ItemID><SupplierPartID>K001039</SupplierPartID><SupplierPartAuxiliaryID /></ItemID><ItemDetail><UnitPrice><Money currency="USD">23.90</Money></UnitPrice><Description xml:lang="en">IMPELLER</Description><UnitOfMeasure /></ItemDetail></ItemOut></OrderRequest></Request></cXML>', 'new'),
(79, '2014-01-25 19:05:09', '20140125185821_0001_463097', '', 1, 'en', '41.39', '0.00', 'total', '0.00', NULL, 'ups', 'UPS Ground', '13.99', 'Please leave at rear door on deck', 'EC-52756720852659137', '32W78655X8157864V', 'creditcard', '2014-01-25 17:05:02', 'Completed', '55.38', '<?xml version="1.0" encoding="utf-8"?><!DOCTYPE cXML SYSTEM "http://xml.cxml.org/schemas/cXML/1.2.014/cXML.dtd"><cXML xml:lang="en-US" payloadID="20140125185821_0001_463097" timestamp="2014-01-25T18:58:21-0600"><Request><OrderRequest><OrderRequestHeader orderID="20140125185821_0001_463097" orderDate="2014-01-25T18:58:21-0600"><Total><Money currency="USD">41.39</Money></Total><ShipTo><Address><Name xml:lang="en-US"></Name><PostalAddress><DeliverTo></DeliverTo><FullName>David Goulet</FullName><Street>1062 Banfield Rd </Street><Street></Street><City>Portsmouth</City><State>NH</State><PostalCode>03801</PostalCode><Country>US</Country></PostalAddress><Email>Deepatsea@comcast.net</Email><Phone name="work"><TelephoneNumber><CountryCode isoCountryCode="US">1</CountryCode><AreaOrCityCode>603</AreaOrCityCode><Number>828-9139</Number></TelephoneNumber></Phone></Address></ShipTo><Comments></Comments><Extrinsic name="OrderType"></Extrinsic><Extrinsic name="PurchaseOrderNumber"></Extrinsic><Extrinsic name="SessionId"></Extrinsic></OrderRequestHeader><ItemOut quantity="2"><ItemID><SupplierPartID>K001014</SupplierPartID><SupplierPartAuxiliaryID /></ItemID><ItemDetail><UnitPrice><Money currency="USD">25.12</Money></UnitPrice><Description xml:lang="en">PIPE SEAL GROMMET 2"</Description><UnitOfMeasure /></ItemDetail></ItemOut><ItemOut quantity="1"><ItemID><SupplierPartID>K001016</SupplierPartID><SupplierPartAuxiliaryID /></ItemID><ItemDetail><UnitPrice><Money currency="USD">16.27</Money></UnitPrice><Description xml:lang="en">GASKET TAPE 1/8" THICK, 83" LONG</Description><UnitOfMeasure /></ItemDetail></ItemOut></OrderRequest></Request></cXML>', 'new'),
(80, '2014-01-27 15:16:57', '20140127151143_0001_997259', '', 1, 'en', '73.76', '0.00', 'total', '0.00', NULL, 'ups', 'UPS 3 Day Select®', '19.16', NULL, 'EC-5HU58817JU617583S', '0F426423EP3698900', 'creditcard', '2014-01-27 13:16:54', 'Completed', '92.92', '<?xml version="1.0" encoding="utf-8"?><!DOCTYPE cXML SYSTEM "http://xml.cxml.org/schemas/cXML/1.2.014/cXML.dtd"><cXML xml:lang="en-US" payloadID="20140127151143_0001_997259" timestamp="2014-01-27T15:11:43-0600"><Request><OrderRequest><OrderRequestHeader orderID="20140127151143_0001_997259" orderDate="2014-01-27T15:11:43-0600"><Total><Money currency="USD">73.76</Money></Total><ShipTo><Address><Name xml:lang="en-US"></Name><PostalAddress><DeliverTo></DeliverTo><FullName>darrell stanley</FullName><Street>4625 deep river rd</Street><Street></Street><City>sanford</City><State>nc</State><PostalCode>27330</PostalCode><Country>US</Country></PostalAddress><Email>darrell.stanley@thepantry.com</Email><Phone name="work"><TelephoneNumber><CountryCode isoCountryCode="US">1</CountryCode><AreaOrCityCode>919</AreaOrCityCode><Number>728-7008</Number></TelephoneNumber></Phone></Address></ShipTo><Comments>1670372</Comments><Extrinsic name="OrderType"></Extrinsic><Extrinsic name="PurchaseOrderNumber"></Extrinsic><Extrinsic name="SessionId"></Extrinsic></OrderRequestHeader><ItemOut quantity="1"><ItemID><SupplierPartID>K001159</SupplierPartID><SupplierPartAuxiliaryID /></ItemID><ItemDetail><UnitPrice><Money currency="USD">73.76</Money></UnitPrice><Description xml:lang="en">SWITCH TREE KIT</Description><UnitOfMeasure /></ItemDetail></ItemOut></OrderRequest></Request></cXML>', 'new'),
(81, '2014-02-04 13:48:41', '20140204134741_0001_797225', '', 1, 'en', '15.87', '0.00', 'total', '0.00', NULL, 'ups', 'UPS Ground', '12.45', NULL, 'EC-9W794222XW694012D', '6Y3459369A329373V', 'paypal', '2014-02-04 11:48:21', 'Completed', '28.32', '<?xml version="1.0" encoding="utf-8"?><!DOCTYPE cXML SYSTEM "http://xml.cxml.org/schemas/cXML/1.2.014/cXML.dtd"><cXML xml:lang="en-US" payloadID="20140204134741_0001_797225" timestamp="2014-02-04T13:47:41-0600"><Request><OrderRequest><OrderRequestHeader orderID="20140204134741_0001_797225" orderDate="2014-02-04T13:47:41-0600"><Total><Money currency="USD">15.87</Money></Total><ShipTo><Address><Name xml:lang="en-US"></Name><PostalAddress><DeliverTo></DeliverTo><FullName>Karolee Beer</FullName><Street>100 N Church Road</Street><Street></Street><City>Bensenville</City><State>IL</State><PostalCode>60106</PostalCode><Country>US</Country></PostalAddress><Email>kmatrisicano@aol.com</Email><Phone name="work"><TelephoneNumber><CountryCode isoCountryCode="US">1</CountryCode><AreaOrCityCode>630</AreaOrCityCode><Number>250-1225</Number></TelephoneNumber></Phone></Address></ShipTo><Comments></Comments><Extrinsic name="OrderType"></Extrinsic><Extrinsic name="PurchaseOrderNumber"></Extrinsic><Extrinsic name="SessionId"></Extrinsic></OrderRequestHeader><ItemOut quantity="1"><ItemID><SupplierPartID>K001330</SupplierPartID><SupplierPartAuxiliaryID /></ItemID><ItemDetail><UnitPrice><Money currency="USD">15.87</Money></UnitPrice><Description xml:lang="en">VMF SWITCH AND SEALRING KIT</Description><UnitOfMeasure /></ItemDetail></ItemOut></OrderRequest></Request></cXML>', 'new'),
(82, '2014-02-05 16:57:40', '20140205165622_0001_269357', '', 1, 'en', '64.00', '0.00', 'total', '0.00', NULL, 'ups', 'UPS Ground', '15.24', 'none, thanks', 'EC-3BT55540CP554953M', '5XU5046725453364A', 'paypal', '2014-02-05 14:57:18', 'Completed', '79.24', '<?xml version="1.0" encoding="utf-8"?><!DOCTYPE cXML SYSTEM "http://xml.cxml.org/schemas/cXML/1.2.014/cXML.dtd"><cXML xml:lang="en-US" payloadID="20140205165622_0001_269357" timestamp="2014-02-05T16:56:22-0600"><Request><OrderRequest><OrderRequestHeader orderID="20140205165622_0001_269357" orderDate="2014-02-05T16:56:22-0600"><Total><Money currency="USD">64.00</Money></Total><ShipTo><Address><Name xml:lang="en-US"></Name><PostalAddress><DeliverTo></DeliverTo><FullName>Jamie Ashley</FullName><Street>790 Foxcroft Trail SE</Street><Street></Street><City>Marietta</City><State>GA</State><PostalCode>30067</PostalCode><Country>US</Country></PostalAddress><Email>jamieashley07@gmail.com</Email><Phone name="work"><TelephoneNumber><CountryCode isoCountryCode="US">1</CountryCode><AreaOrCityCode>678</AreaOrCityCode><Number>744-4296</Number></TelephoneNumber></Phone></Address></ShipTo><Comments></Comments><Extrinsic name="OrderType"></Extrinsic><Extrinsic name="PurchaseOrderNumber"></Extrinsic><Extrinsic name="SessionId"></Extrinsic></OrderRequestHeader><ItemOut quantity="1"><ItemID><SupplierPartID>K001379</SupplierPartID><SupplierPartAuxiliaryID /></ItemID><ItemDetail><UnitPrice><Money currency="USD">64.00</Money></UnitPrice><Description xml:lang="en">ASCENT 2 TANK LID</Description><UnitOfMeasure /></ItemDetail></ItemOut></OrderRequest></Request></cXML>', 'new'),
(83, '2014-02-06 08:47:23', '20140206084129_0001_939203', 'P-Card Lyle 2-6-14', 1, 'en', '38.36', '0.00', 'total', '0.00', NULL, 'ups', 'UPS Ground', '16.58', 'ATTN: Lyle Krumviede', 'EC-0A157957W0534420X', '4CA60987TD598903F', 'paypal', '2014-02-06 06:47:00', 'Completed', '54.94', '<?xml version="1.0" encoding="utf-8"?><!DOCTYPE cXML SYSTEM "http://xml.cxml.org/schemas/cXML/1.2.014/cXML.dtd"><cXML xml:lang="en-US" payloadID="20140206084129_0001_939203" timestamp="2014-02-06T08:41:29-0600"><Request><OrderRequest><OrderRequestHeader orderID="20140206084129_0001_939203" orderDate="2014-02-06T08:41:29-0600"><Total><Money currency="USD">38.36</Money></Total><ShipTo><Address><Name xml:lang="en-US"></Name><PostalAddress><DeliverTo></DeliverTo><FullName>Lyle Krumviede</FullName><Street>3400 Bungalow Rd</Street><Street></Street><City>Morris</City><State>IL</State><PostalCode>60450</PostalCode><Country>US</Country></PostalAddress><Email>lyle.krumviede@oldcastle.com</Email><Phone name="work"><TelephoneNumber><CountryCode isoCountryCode="US">1</CountryCode><AreaOrCityCode>815</AreaOrCityCode><Number>416-0149</Number></TelephoneNumber></Phone></Address></ShipTo><Comments></Comments><Extrinsic name="OrderType"></Extrinsic><Extrinsic name="PurchaseOrderNumber">P-Card Lyle 2-6-14</Extrinsic><Extrinsic name="SessionId"></Extrinsic></OrderRequestHeader><ItemOut quantity="4"><ItemID><SupplierPartID>K001331</SupplierPartID><SupplierPartAuxiliaryID /></ItemID><ItemDetail><UnitPrice><Money currency="USD">38.36</Money></UnitPrice><Description xml:lang="en">IMPELLER</Description><UnitOfMeasure /></ItemDetail></ItemOut></OrderRequest></Request></cXML>', 'new'),
(84, '2014-02-10 11:16:34', '20140210110431_0001_710706', '', 1, 'en', '23.90', '0.00', 'total', '0.00', NULL, 'ups', 'UPS 3 Day Select®', '20.76', 'chantey lane driveway on left.leave pkg. on porch', 'EC-2B776496WY928994C', '8MU974183R5987902', 'creditcard', '2014-02-10 09:16:29', 'Completed', '44.66', '<?xml version="1.0" encoding="utf-8"?><!DOCTYPE cXML SYSTEM "http://xml.cxml.org/schemas/cXML/1.2.014/cXML.dtd"><cXML xml:lang="en-US" payloadID="20140210110431_0001_710706" timestamp="2014-02-10T11:04:31-0600"><Request><OrderRequest><OrderRequestHeader orderID="20140210110431_0001_710706" orderDate="2014-02-10T11:04:31-0600"><Total><Money currency="USD">23.90</Money></Total><ShipTo><Address><Name xml:lang="en-US"></Name><PostalAddress><DeliverTo></DeliverTo><FullName>brent hafford</FullName><Street>4 chantey lane</Street><Street></Street><City>penobscot </City><State>maine</State><PostalCode>04476</PostalCode><Country>US</Country></PostalAddress><Email>bhafford.corinnasewer@tdstelme.net</Email><Phone name="work"><TelephoneNumber><CountryCode isoCountryCode="US">1</CountryCode><AreaOrCityCode> 20</AreaOrCityCode><Number>747-81498</Number></TelephoneNumber></Phone></Address></ShipTo><Comments></Comments><Extrinsic name="OrderType"></Extrinsic><Extrinsic name="PurchaseOrderNumber"></Extrinsic><Extrinsic name="SessionId"></Extrinsic></OrderRequestHeader><ItemOut quantity="1"><ItemID><SupplierPartID>K001039</SupplierPartID><SupplierPartAuxiliaryID /></ItemID><ItemDetail><UnitPrice><Money currency="USD">23.90</Money></UnitPrice><Description xml:lang="en">IMPELLER</Description><UnitOfMeasure /></ItemDetail></ItemOut></OrderRequest></Request></cXML>', 'new'),
(85, '2014-02-11 08:45:22', '20140211084036_0001_873108', '21114', 1, 'en', '44.00', '0.00', 'total', '0.00', NULL, 'ups', 'UPS Ground', '12.25', NULL, 'EC-9UW65735L54285730', '6LN55210B3322093N', 'creditcard', '2014-02-11 06:45:17', 'Completed', '56.25', '<?xml version="1.0" encoding="utf-8"?><!DOCTYPE cXML SYSTEM "http://xml.cxml.org/schemas/cXML/1.2.014/cXML.dtd"><cXML xml:lang="en-US" payloadID="20140211084036_0001_873108" timestamp="2014-02-11T08:40:36-0600"><Request><OrderRequest><OrderRequestHeader orderID="20140211084036_0001_873108" orderDate="2014-02-11T08:40:36-0600"><Total><Money currency="USD">44.00</Money></Total><ShipTo><Address><Name xml:lang="en-US"></Name><PostalAddress><DeliverTo></DeliverTo><FullName>STORY ELECTRIC MOTOR REPAIR CO INC</FullName><Street>20 FRANCISCO AVE</Street><Street></Street><City>LITTLE FALLS</City><State>NJ</State><PostalCode>07424</PostalCode><Country>US</Country></PostalAddress><Email>STORYLINDA@AOL.COM</Email><Phone name="work"><TelephoneNumber><CountryCode isoCountryCode="US">1</CountryCode><AreaOrCityCode>973</AreaOrCityCode><Number>256-1636</Number></TelephoneNumber></Phone></Address></ShipTo><Comments></Comments><Extrinsic name="OrderType"></Extrinsic><Extrinsic name="PurchaseOrderNumber">21114</Extrinsic><Extrinsic name="SessionId"></Extrinsic></OrderRequestHeader><ItemOut quantity="1"><ItemID><SupplierPartID>K001001</SupplierPartID><SupplierPartAuxiliaryID /></ItemID><ItemDetail><UnitPrice><Money currency="USD">44.00</Money></UnitPrice><Description xml:lang="en">PUMP SWITCH KIT, INCLUDES MOUNTING HARDWARE</Description><UnitOfMeasure /></ItemDetail></ItemOut></OrderRequest></Request></cXML>', 'new'),
(86, '2014-02-11 10:18:53', '20140211101141_0001_208117', '', 1, 'en', '19.81', '0.00', 'total', '0.00', NULL, 'ups', 'UPS Ground', '12.45', NULL, 'EC-72097297HY296501R', '8W09189319027974K', 'creditcard', '2014-02-11 08:18:48', 'Completed', '32.26', '<?xml version="1.0" encoding="utf-8"?><!DOCTYPE cXML SYSTEM "http://xml.cxml.org/schemas/cXML/1.2.014/cXML.dtd"><cXML xml:lang="en-US" payloadID="20140211101141_0001_208117" timestamp="2014-02-11T10:11:41-0600"><Request><OrderRequest><OrderRequestHeader orderID="20140211101141_0001_208117" orderDate="2014-02-11T10:11:41-0600"><Total><Money currency="USD">19.81</Money></Total><ShipTo><Address><Name xml:lang="en-US"></Name><PostalAddress><DeliverTo></DeliverTo><FullName>michael Barnett</FullName><Street>207 nickleplate ave</Street><Street></Street><City>Valparaiso</City><State>in</State><PostalCode>46383</PostalCode><Country>US</Country></PostalAddress><Email>mikeb@rphnwi.com</Email><Phone name="work"><TelephoneNumber><CountryCode isoCountryCode="US">1</CountryCode><AreaOrCityCode>219</AreaOrCityCode><Number>707-8888</Number></TelephoneNumber></Phone></Address></ShipTo><Comments></Comments><Extrinsic name="OrderType"></Extrinsic><Extrinsic name="PurchaseOrderNumber"></Extrinsic><Extrinsic name="SessionId"></Extrinsic></OrderRequestHeader><ItemOut quantity="1"><ItemID><SupplierPartID>K001023</SupplierPartID><SupplierPartAuxiliaryID /></ItemID><ItemDetail><UnitPrice><Money currency="USD">19.81</Money></UnitPrice><Description xml:lang="en">IMPELLER KIT, INCLUDES SHAFT CAP, COVER SEAL AND COVER SCREWS</Description><UnitOfMeasure /></ItemDetail></ItemOut></OrderRequest></Request></cXML>', 'new'),
(87, '2014-02-11 18:16:47', '20140211181438_0001_401692', 'Home', 1, 'en', '73.76', '0.00', 'total', '0.00', NULL, 'ups', 'UPS Ground', '14.62', NULL, 'EC-6DE940718M867070X', '89712245CW125771U', 'creditcard', '2014-02-11 16:16:39', 'Completed', '88.38', '<?xml version="1.0" encoding="utf-8"?><!DOCTYPE cXML SYSTEM "http://xml.cxml.org/schemas/cXML/1.2.014/cXML.dtd"><cXML xml:lang="en-US" payloadID="20140211181438_0001_401692" timestamp="2014-02-11T18:14:38-0600"><Request><OrderRequest><OrderRequestHeader orderID="20140211181438_0001_401692" orderDate="2014-02-11T18:14:38-0600"><Total><Money currency="USD">73.76</Money></Total><ShipTo><Address><Name xml:lang="en-US"></Name><PostalAddress><DeliverTo></DeliverTo><FullName>Michael Shevekov</FullName><Street>948 Elm St</Street><Street></Street><City>San Carlos</City><State>CA</State><PostalCode>94070</PostalCode><Country>US</Country></PostalAddress><Email>mshevekov@gmail.com</Email><Phone name="work"><TelephoneNumber><CountryCode isoCountryCode="US">1</CountryCode><AreaOrCityCode>650</AreaOrCityCode><Number>302-1899</Number></TelephoneNumber></Phone></Address></ShipTo><Comments></Comments><Extrinsic name="OrderType"></Extrinsic><Extrinsic name="PurchaseOrderNumber">Home</Extrinsic><Extrinsic name="SessionId"></Extrinsic></OrderRequestHeader><ItemOut quantity="1"><ItemID><SupplierPartID>K001159</SupplierPartID><SupplierPartAuxiliaryID /></ItemID><ItemDetail><UnitPrice><Money currency="USD">73.76</Money></UnitPrice><Description xml:lang="en">SWITCH TREE KIT</Description><UnitOfMeasure /></ItemDetail></ItemOut></OrderRequest></Request></cXML>', 'new'),
(88, '2014-02-15 09:10:01', '20140215090349_0001_953277', '', 1, 'en', '41.12', '0.00', 'total', '0.00', NULL, 'ups', 'UPS Ground', '12.91', 'Ship Attention: John Harrison', 'EC-16216917L3647671T', '9S970372RU527830B', 'creditcard', '2014-02-15 07:09:48', 'Completed', '54.03', '<?xml version="1.0" encoding="utf-8"?><!DOCTYPE cXML SYSTEM "http://xml.cxml.org/schemas/cXML/1.2.014/cXML.dtd"><cXML xml:lang="en-US" payloadID="20140215090349_0001_953277" timestamp="2014-02-15T09:03:49-0600"><Request><OrderRequest><OrderRequestHeader orderID="20140215090349_0001_953277" orderDate="2014-02-15T09:03:49-0600"><Total><Money currency="USD">41.12</Money></Total><ShipTo><Address><Name xml:lang="en-US"></Name><PostalAddress><DeliverTo></DeliverTo><FullName>RM Thornton Mechanical</FullName><Street>120 West Hampton Ave.</Street><Street></Street><City>Capitol Heights</City><State>Maryland</State><PostalCode>20743</PostalCode><Country>US</Country></PostalAddress><Email>jharrison@rmthornton.com</Email><Phone name="work"><TelephoneNumber><CountryCode isoCountryCode="US">1</CountryCode><AreaOrCityCode>301</AreaOrCityCode><Number>350-5000</Number></TelephoneNumber></Phone></Address></ShipTo><Comments>Ship Attention :John Harrison</Comments><Extrinsic name="OrderType"></Extrinsic><Extrinsic name="PurchaseOrderNumber"></Extrinsic><Extrinsic name="SessionId"></Extrinsic></OrderRequestHeader><ItemOut quantity="1"><ItemID><SupplierPartID>K001173</SupplierPartID><SupplierPartAuxiliaryID /></ItemID><ItemDetail><UnitPrice><Money currency="USD">41.12</Money></UnitPrice><Description xml:lang="en">FRONT PLATE, GASKET AND HARDWARE</Description><UnitOfMeasure /></ItemDetail></ItemOut></OrderRequest></Request></cXML>', 'new'),
(89, '2014-02-15 10:53:50', '20140215105216_0001_372147', '', 1, 'en', '64.00', '0.00', 'total', '0.00', NULL, 'ups', 'UPS Ground', '19.11', NULL, 'EC-4LH21043CN048863B', '7YX353086U2054929', 'paypal', '2014-02-15 08:53:37', 'Completed', '83.11', '<?xml version="1.0" encoding="utf-8"?><!DOCTYPE cXML SYSTEM "http://xml.cxml.org/schemas/cXML/1.2.014/cXML.dtd"><cXML xml:lang="en-US" payloadID="20140215105216_0001_372147" timestamp="2014-02-15T10:52:16-0600"><Request><OrderRequest><OrderRequestHeader orderID="20140215105216_0001_372147" orderDate="2014-02-15T10:52:16-0600"><Total><Money currency="USD">64.00</Money></Total><ShipTo><Address><Name xml:lang="en-US"></Name><PostalAddress><DeliverTo></DeliverTo><FullName>Tom Fuller</FullName><Street>875 S14th Street</Street><Street></Street><City>Adel</City><State>Iowa</State><PostalCode>50003</PostalCode><Country>US</Country></PostalAddress><Email>twfpetro@aol.com</Email><Phone name="work"><TelephoneNumber><CountryCode isoCountryCode="US">1</CountryCode><AreaOrCityCode>515</AreaOrCityCode><Number>240-5812</Number></TelephoneNumber></Phone></Address></ShipTo><Comments></Comments><Extrinsic name="OrderType"></Extrinsic><Extrinsic name="PurchaseOrderNumber"></Extrinsic><Extrinsic name="SessionId"></Extrinsic></OrderRequestHeader><ItemOut quantity="1"><ItemID><SupplierPartID>K001379</SupplierPartID><SupplierPartAuxiliaryID /></ItemID><ItemDetail><UnitPrice><Money currency="USD">64.00</Money></UnitPrice><Description xml:lang="en">ASCENT 2 TANK LID</Description><UnitOfMeasure /></ItemDetail></ItemOut></OrderRequest></Request></cXML>', 'new'),
(90, '2014-02-15 17:52:36', '20140215174443_0001_996540', '', 1, 'en', '58.06', '0.00', 'total', '0.00', NULL, 'ups', 'UPS Ground', '15.96', NULL, 'EC-18A48876R6802944S', '86T176396R091923V', 'paypal', '2014-02-15 15:52:22', 'Completed', '74.02', '<?xml version="1.0" encoding="utf-8"?><!DOCTYPE cXML SYSTEM "http://xml.cxml.org/schemas/cXML/1.2.014/cXML.dtd"><cXML xml:lang="en-US" payloadID="20140215174443_0001_996540" timestamp="2014-02-15T17:44:43-0600"><Request><OrderRequest><OrderRequestHeader orderID="20140215174443_0001_996540" orderDate="2014-02-15T17:44:43-0600"><Total><Money currency="USD">58.06</Money></Total><ShipTo><Address><Name xml:lang="en-US"></Name><PostalAddress><DeliverTo></DeliverTo><FullName>Ben Irvin</FullName><Street>400 main street</Street><Street></Street><City>bellwood</City><State>pa</State><PostalCode>16617</PostalCode><Country>US</Country></PostalAddress><Email>benirvin88@yahoo.com</Email><Phone name="work"><TelephoneNumber><CountryCode isoCountryCode="US">1</CountryCode><AreaOrCityCode>814</AreaOrCityCode><Number>822-2000</Number></TelephoneNumber></Phone></Address></ShipTo><Comments></Comments><Extrinsic name="OrderType"></Extrinsic><Extrinsic name="PurchaseOrderNumber"></Extrinsic><Extrinsic name="SessionId"></Extrinsic></OrderRequestHeader><ItemOut quantity="1"><ItemID><SupplierPartID>K001155</SupplierPartID><SupplierPartAuxiliaryID /></ItemID><ItemDetail><UnitPrice><Money currency="USD">58.06</Money></UnitPrice><Description xml:lang="en">SWITCH TREE KIT</Description><UnitOfMeasure /></ItemDetail></ItemOut></OrderRequest></Request></cXML>', 'new'),
(91, '2014-02-17 07:26:12', '20140217072117_0001_344042', '', 1, 'en', '32.94', '0.00', 'total', '0.00', NULL, 'ups', 'UPS Ground', '12.91', NULL, 'EC-0PD79612EU431441H', '6A5412791K830601T', 'creditcard', '2014-02-17 05:26:09', 'Completed', '45.85', '<?xml version="1.0" encoding="utf-8"?><!DOCTYPE cXML SYSTEM "http://xml.cxml.org/schemas/cXML/1.2.014/cXML.dtd"><cXML xml:lang="en-US" payloadID="20140217072117_0001_344042" timestamp="2014-02-17T07:21:17-0600"><Request><OrderRequest><OrderRequestHeader orderID="20140217072117_0001_344042" orderDate="2014-02-17T07:21:17-0600"><Total><Money currency="USD">32.94</Money></Total><ShipTo><Address><Name xml:lang="en-US"></Name><PostalAddress><DeliverTo></DeliverTo><FullName>Lou Capuano</FullName><Street>327 West Saddle River Rd</Street><Street></Street><City>Upper Saddle River </City><State>NJ</State><PostalCode>07458</PostalCode><Country>US</Country></PostalAddress><Email>Capuanoplumbing@verizon.net</Email><Phone name="work"><TelephoneNumber><CountryCode isoCountryCode="US">1</CountryCode><AreaOrCityCode>201</AreaOrCityCode><Number>327-1922</Number></TelephoneNumber></Phone></Address></ShipTo><Comments></Comments><Extrinsic name="OrderType"></Extrinsic><Extrinsic name="PurchaseOrderNumber"></Extrinsic><Extrinsic name="SessionId"></Extrinsic></OrderRequestHeader><ItemOut quantity="1"><ItemID><SupplierPartID>K001254</SupplierPartID><SupplierPartAuxiliaryID /></ItemID><ItemDetail><UnitPrice><Money currency="USD">13.13</Money></UnitPrice><Description xml:lang="en">3043000 5/16" SHAFT SEAL</Description><UnitOfMeasure /></ItemDetail></ItemOut><ItemOut quantity="1"><ItemID><SupplierPartID>K001023</SupplierPartID><SupplierPartAuxiliaryID /></ItemID><ItemDetail><UnitPrice><Money currency="USD">19.81</Money></UnitPrice><Description xml:lang="en">IMPELLER KIT, INCLUDES SHAFT CAP, COVER SEAL AND COVER SCREWS</Description><UnitOfMeasure /></ItemDetail></ItemOut></OrderRequest></Request></cXML>', 'new'),
(92, '2014-02-17 08:42:55', '20140217083317_0001_440358', '', 1, 'en', '103.06', '0.00', 'total', '0.00', NULL, 'ups', 'UPS Ground', '18.28', NULL, 'EC-21922004TX9860106', '14U340352R972324P', 'creditcard', '2014-02-17 06:42:49', 'Completed', '121.34', '<?xml version="1.0" encoding="utf-8"?><!DOCTYPE cXML SYSTEM "http://xml.cxml.org/schemas/cXML/1.2.014/cXML.dtd"><cXML xml:lang="en-US" payloadID="20140217083317_0001_440358" timestamp="2014-02-17T08:33:17-0600"><Request><OrderRequest><OrderRequestHeader orderID="20140217083317_0001_440358" orderDate="2014-02-17T08:33:17-0600"><Total><Money currency="USD">103.06</Money></Total><ShipTo><Address><Name xml:lang="en-US"></Name><PostalAddress><DeliverTo></DeliverTo><FullName>Kirk DeVore</FullName><Street>City of Lufkin Wastewater Treatment</Street><Street>3510 Southwood Dr</Street><City>Lufkin </City><State>Texas</State><PostalCode>75904</PostalCode><Country>US</Country></PostalAddress><Email>kdevore@cityoflufkin.com</Email><Phone name="work"><TelephoneNumber><CountryCode isoCountryCode="US">1</CountryCode><AreaOrCityCode>936</AreaOrCityCode><Number>240-7469</Number></TelephoneNumber></Phone></Address></ShipTo><Comments></Comments><Extrinsic name="OrderType"></Extrinsic><Extrinsic name="PurchaseOrderNumber"></Extrinsic><Extrinsic name="SessionId"></Extrinsic></OrderRequestHeader><ItemOut quantity="1"><ItemID><SupplierPartID>K001150</SupplierPartID><SupplierPartAuxiliaryID /></ItemID><ItemDetail><UnitPrice><Money currency="USD">103.06</Money></UnitPrice><Description xml:lang="en">POWER CORD KIT</Description><UnitOfMeasure /></ItemDetail></ItemOut></OrderRequest></Request></cXML>', 'new'),
(93, '2014-02-18 17:29:41', '20140218172854_0001_829900', '', 1, 'en', '10.23', '0.00', 'total', '0.00', NULL, 'ups', 'UPS Ground', '12.25', NULL, 'EC-12J21523FV7379139', '2FD5950923414372S', 'paypal', '2014-02-18 15:29:35', 'Completed', '22.48', '<?xml version="1.0" encoding="utf-8"?><!DOCTYPE cXML SYSTEM "http://xml.cxml.org/schemas/cXML/1.2.014/cXML.dtd"><cXML xml:lang="en-US" payloadID="20140218172854_0001_829900" timestamp="2014-02-18T17:28:54-0600"><Request><OrderRequest><OrderRequestHeader orderID="20140218172854_0001_829900" orderDate="2014-02-18T17:28:54-0600"><Total><Money currency="USD">10.23</Money></Total><ShipTo><Address><Name xml:lang="en-US"></Name><PostalAddress><DeliverTo></DeliverTo><FullName>Henry Davidowitz</FullName><Street>501 Prospect  st.  </Street><Street>104B</Street><City>Lakewood</City><State>NJ</State><PostalCode>08701</PostalCode><Country>US</Country></PostalAddress><Email>Henry@lakewoodmatzoh.com</Email><Phone name="work"><TelephoneNumber><CountryCode isoCountryCode="US">1</CountryCode><AreaOrCityCode>732</AreaOrCityCode><Number>364-8757</Number></TelephoneNumber></Phone></Address></ShipTo><Comments></Comments><Extrinsic name="OrderType"></Extrinsic><Extrinsic name="PurchaseOrderNumber"></Extrinsic><Extrinsic name="SessionId"></Extrinsic></OrderRequestHeader><ItemOut quantity="1"><ItemID><SupplierPartID>K001149</SupplierPartID><SupplierPartAuxiliaryID /></ItemID><ItemDetail><UnitPrice><Money currency="USD">10.23</Money></UnitPrice><Description xml:lang="en">PRIME PLUG WITH O-RING</Description><UnitOfMeasure /></ItemDetail></ItemOut></OrderRequest></Request></cXML>', 'new'),
(94, '2014-02-18 19:29:44', '20140218192431_0001_724993', '', 1, 'en', '166.84', '0.00', 'total', '0.00', NULL, 'ups', 'UPS Ground', '18.19', NULL, 'EC-7YE0103452455592X', '5V085857KP724891M', 'creditcard', '2014-02-18 17:29:38', 'Completed', '185.03', '<?xml version="1.0" encoding="utf-8"?><!DOCTYPE cXML SYSTEM "http://xml.cxml.org/schemas/cXML/1.2.014/cXML.dtd"><cXML xml:lang="en-US" payloadID="20140218192431_0001_724993" timestamp="2014-02-18T19:24:31-0600"><Request><OrderRequest><OrderRequestHeader orderID="20140218192431_0001_724993" orderDate="2014-02-18T19:24:31-0600"><Total><Money currency="USD">166.84</Money></Total><ShipTo><Address><Name xml:lang="en-US"></Name><PostalAddress><DeliverTo></DeliverTo><FullName>Stephen Hamilton</FullName><Street>51 Forest Street</Street><Street></Street><City>Manchester</City><State>MA</State><PostalCode>01944</PostalCode><Country>US</Country></PostalAddress><Email>shamilt@wested.org</Email><Phone name="work"><TelephoneNumber><CountryCode isoCountryCode="US">1</CountryCode><AreaOrCityCode>978</AreaOrCityCode><Number>808-0687</Number></TelephoneNumber></Phone></Address></ShipTo><Comments></Comments><Extrinsic name="OrderType"></Extrinsic><Extrinsic name="PurchaseOrderNumber"></Extrinsic><Extrinsic name="SessionId"></Extrinsic></OrderRequestHeader><ItemOut quantity="1"><ItemID><SupplierPartID>K001240</SupplierPartID><SupplierPartAuxiliaryID /></ItemID><ItemDetail><UnitPrice><Money currency="USD">50.37</Money></UnitPrice><Description xml:lang="en">FLOAT SWITCH</Description><UnitOfMeasure /></ItemDetail></ItemOut><ItemOut quantity="2"><ItemID><SupplierPartID>4417000</SupplierPartID><SupplierPartAuxiliaryID /></ItemID><ItemDetail><UnitPrice><Money currency="USD">0.72</Money></UnitPrice><Description xml:lang="en">FOAM SQUARE TWO SIDED ADHESIVE</Description><UnitOfMeasure /></ItemDetail></ItemOut><ItemOut quantity="1"><ItemID><SupplierPartID>K001098</SupplierPartID><SupplierPartAuxiliaryID /></ItemID><ItemDetail><UnitPrice><Money currency="USD">96.11</Money></UnitPrice><Description xml:lang="en">CHARGER KIT</Description><UnitOfMeasure /></ItemDetail></ItemOut><ItemOut quantity="1"><ItemID><SupplierPartID>K001120</SupplierPartID><SupplierPartAuxiliaryID /></ItemID><ItemDetail><UnitPrice><Money currency="USD">19.64</Money></UnitPrice><Description xml:lang="en">BATTERY LEAD (INCLUDES TWO)</Description><UnitOfMeasure /></ItemDetail></ItemOut></OrderRequest></Request></cXML>', 'new'),
(95, '2014-02-19 19:57:17', '20140219195515_0001_367231', '', 1, 'en', '41.12', '0.00', 'total', '0.00', NULL, 'ups', 'UPS Ground', '12.91', NULL, 'EC-46E98868EX865383N', '6PC20221PJ0834523', 'creditcard', '2014-02-19 17:57:09', 'Completed', '54.03', '<?xml version="1.0" encoding="utf-8"?><!DOCTYPE cXML SYSTEM "http://xml.cxml.org/schemas/cXML/1.2.014/cXML.dtd"><cXML xml:lang="en-US" payloadID="20140219195515_0001_367231" timestamp="2014-02-19T19:55:15-0600"><Request><OrderRequest><OrderRequestHeader orderID="20140219195515_0001_367231" orderDate="2014-02-19T19:55:15-0600"><Total><Money currency="USD">41.12</Money></Total><ShipTo><Address><Name xml:lang="en-US"></Name><PostalAddress><DeliverTo></DeliverTo><FullName>Andrew Hudson</FullName><Street>633 Hamilton Rd</Street><Street></Street><City>Wenonah</City><State>NJ</State><PostalCode>08090</PostalCode><Country>US</Country></PostalAddress><Email>ahudson05@gmail.com</Email><Phone name="work"><TelephoneNumber><CountryCode isoCountryCode="US">1</CountryCode><AreaOrCityCode>856</AreaOrCityCode><Number>468-1655</Number></TelephoneNumber></Phone></Address></ShipTo><Comments></Comments><Extrinsic name="OrderType"></Extrinsic><Extrinsic name="PurchaseOrderNumber"></Extrinsic><Extrinsic name="SessionId"></Extrinsic></OrderRequestHeader><ItemOut quantity="1"><ItemID><SupplierPartID>K001173</SupplierPartID><SupplierPartAuxiliaryID /></ItemID><ItemDetail><UnitPrice><Money currency="USD">41.12</Money></UnitPrice><Description xml:lang="en">FRONT PLATE, GASKET AND HARDWARE</Description><UnitOfMeasure /></ItemDetail></ItemOut></OrderRequest></Request></cXML>', 'new'),
(96, '2014-02-22 17:54:12', '20140222174728_0001_785022', '', 1, 'en', '11.22', '0.00', 'total', '0.00', NULL, 'ups', 'UPS Ground', '12.45', NULL, 'EC-1LF5364364368353D', '1HR41605PJ2237522', 'creditcard', '2014-02-22 15:53:59', 'Completed', '23.67', '<?xml version="1.0" encoding="utf-8"?><!DOCTYPE cXML SYSTEM "http://xml.cxml.org/schemas/cXML/1.2.014/cXML.dtd"><cXML xml:lang="en-US" payloadID="20140222174728_0001_785022" timestamp="2014-02-22T17:47:28-0600"><Request><OrderRequest><OrderRequestHeader orderID="20140222174728_0001_785022" orderDate="2014-02-22T17:47:28-0600"><Total><Money currency="USD">11.22</Money></Total><ShipTo><Address><Name xml:lang="en-US"></Name><PostalAddress><DeliverTo></DeliverTo><FullName>Megan Senica</FullName><Street>8255 Wabasis Avenue</Street><Street></Street><City>Rockford</City><State>MI</State><PostalCode>49341</PostalCode><Country>US</Country></PostalAddress><Email>roxy7701@aol.com</Email><Phone name="work"><TelephoneNumber><CountryCode isoCountryCode="US">1</CountryCode><AreaOrCityCode>616</AreaOrCityCode><Number>299-2267</Number></TelephoneNumber></Phone></Address></ShipTo><Comments></Comments><Extrinsic name="OrderType"></Extrinsic><Extrinsic name="PurchaseOrderNumber"></Extrinsic><Extrinsic name="SessionId"></Extrinsic></OrderRequestHeader><ItemOut quantity="1"><ItemID><SupplierPartID>K001096</SupplierPartID><SupplierPartAuxiliaryID /></ItemID><ItemDetail><UnitPrice><Money currency="USD">11.22</Money></UnitPrice><Description xml:lang="en">CHECK VALVE</Description><UnitOfMeasure /></ItemDetail></ItemOut></OrderRequest></Request></cXML>', 'new'),
(97, '2014-02-24 12:36:54', '20140224122956_0001_788768', 'Shop', 1, 'en', '19.81', '0.00', 'total', '0.00', NULL, 'ups', 'UPS Ground', '12.25', NULL, 'EC-0UJ75089SJ5806903', '7Y814431YA9244719', 'creditcard', '2014-02-24 10:36:36', 'Completed', '32.06', '<?xml version="1.0" encoding="utf-8"?><!DOCTYPE cXML SYSTEM "http://xml.cxml.org/schemas/cXML/1.2.014/cXML.dtd"><cXML xml:lang="en-US" payloadID="20140224122956_0001_788768" timestamp="2014-02-24T12:29:56-0600"><Request><OrderRequest><OrderRequestHeader orderID="20140224122956_0001_788768" orderDate="2014-02-24T12:29:56-0600"><Total><Money currency="USD">19.81</Money></Total><ShipTo><Address><Name xml:lang="en-US"></Name><PostalAddress><DeliverTo></DeliverTo><FullName>Nick Weycker</FullName><Street>1563 Treanor</Street><Street></Street><City>Saginaw</City><State>Michigan</State><PostalCode>48601</PostalCode><Country>US</Country></PostalAddress><Email>nweycker@williamewalter.com</Email><Phone name="work"><TelephoneNumber><CountryCode isoCountryCode="US">1</CountryCode><AreaOrCityCode>810</AreaOrCityCode><Number>347-8852</Number></TelephoneNumber></Phone></Address></ShipTo><Comments></Comments><Extrinsic name="OrderType"></Extrinsic><Extrinsic name="PurchaseOrderNumber">Shop</Extrinsic><Extrinsic name="SessionId"></Extrinsic></OrderRequestHeader><ItemOut quantity="1"><ItemID><SupplierPartID>K001023</SupplierPartID><SupplierPartAuxiliaryID /></ItemID><ItemDetail><UnitPrice><Money currency="USD">19.81</Money></UnitPrice><Description xml:lang="en">IMPELLER KIT, INCLUDES SHAFT CAP, COVER SEAL AND COVER SCREWS</Description><UnitOfMeasure /></ItemDetail></ItemOut></OrderRequest></Request></cXML>', 'new'),
(98, '2014-02-25 02:05:12', '20140225020138_0001_963030', '', 1, 'en', '31.74', '0.00', 'total', '0.00', NULL, 'ups', 'UPS Ground', '14.62', 'UPS ground to Suresh Krishna, 225 Mount Hamilton Ave, Los Altos CA 94022. Please e-mail tracking number.', 'EC-56411236DY4030122', '545633831X785463W', 'creditcard', '2014-02-25 00:04:53', 'Completed', '46.36', '<?xml version="1.0" encoding="utf-8"?><!DOCTYPE cXML SYSTEM "http://xml.cxml.org/schemas/cXML/1.2.014/cXML.dtd"><cXML xml:lang="en-US" payloadID="20140225020138_0001_963030" timestamp="2014-02-25T02:01:38-0600"><Request><OrderRequest><OrderRequestHeader orderID="20140225020138_0001_963030" orderDate="2014-02-25T02:01:38-0600"><Total><Money currency="USD">31.74</Money></Total><ShipTo><Address><Name xml:lang="en-US"></Name><PostalAddress><DeliverTo></DeliverTo><FullName>Suresh Krishna</FullName><Street>225 Mount Hamilton Ave</Street><Street></Street><City>Los Altos</City><State>CA</State><PostalCode>94022</PostalCode><Country>US</Country></PostalAddress><Email>suresh_krishna@runbox.com</Email><Phone name="work"><TelephoneNumber><CountryCode isoCountryCode="US">1</CountryCode><AreaOrCityCode>650</AreaOrCityCode><Number>947-9235</Number></TelephoneNumber></Phone></Address></ShipTo><Comments></Comments><Extrinsic name="OrderType"></Extrinsic><Extrinsic name="PurchaseOrderNumber"></Extrinsic><Extrinsic name="SessionId"></Extrinsic></OrderRequestHeader><ItemOut quantity="2"><ItemID><SupplierPartID>K001330</SupplierPartID><SupplierPartAuxiliaryID /></ItemID><ItemDetail><UnitPrice><Money currency="USD">31.74</Money></UnitPrice><Description xml:lang="en">VMF SWITCH AND SEALRING KIT</Description><UnitOfMeasure /></ItemDetail></ItemOut></OrderRequest></Request></cXML>', 'new'),
(99, '2014-03-03 12:10:56', '20140303120642_0001_293494', '', 1, 'en', '174.00', '0.00', 'total', '0.00', NULL, 'ups', 'UPS Ground', '22.07', NULL, 'EC-7L785490D3420151Y', '6LV53012W8696593F', 'creditcard', '2014-03-03 10:10:52', 'Completed', '196.07', '<?xml version="1.0" encoding="utf-8"?><!DOCTYPE cXML SYSTEM "http://xml.cxml.org/schemas/cXML/1.2.014/cXML.dtd"><cXML xml:lang="en-US" payloadID="20140303120642_0001_293494" timestamp="2014-03-03T12:06:42-0600"><Request><OrderRequest><OrderRequestHeader orderID="20140303120642_0001_293494" orderDate="2014-03-03T12:06:42-0600"><Total><Money currency="USD">174.00</Money></Total><ShipTo><Address><Name xml:lang="en-US"></Name><PostalAddress><DeliverTo></DeliverTo><FullName>Aaron Bright</FullName><Street>1231N State St</Street><Street></Street><City>North Vernon</City><State>IN</State><PostalCode>47265</PostalCode><Country>US</Country></PostalAddress><Email>abright@isubright.com</Email><Phone name="work"><TelephoneNumber><CountryCode isoCountryCode="US">1</CountryCode><AreaOrCityCode>812</AreaOrCityCode><Number>592-1138</Number></TelephoneNumber></Phone></Address></ShipTo><Comments></Comments><Extrinsic name="OrderType"></Extrinsic><Extrinsic name="PurchaseOrderNumber"></Extrinsic><Extrinsic name="SessionId"></Extrinsic></OrderRequestHeader><ItemOut quantity="1"><ItemID><SupplierPartID>K001370</SupplierPartID><SupplierPartAuxiliaryID /></ItemID><ItemDetail><UnitPrice><Money currency="USD">2.00</Money></UnitPrice><Description xml:lang="en">6668E20 RAZOR BLADES (2 INCLUDED IN KIT)</Description><UnitOfMeasure /></ItemDetail></ItemOut><ItemOut quantity="1"><ItemID><SupplierPartID>K001364</SupplierPartID><SupplierPartAuxiliaryID /></ItemID><ItemDetail><UnitPrice><Money currency="USD">172.00</Money></UnitPrice><Description xml:lang="en">PUMP/BASKET/RAZOR ASSEMBLY</Description><UnitOfMeasure /></ItemDetail></ItemOut></OrderRequest></Request></cXML>', 'new'),
(100, '2014-03-03 15:33:39', '20140303152623_0001_918478', '', 1, 'en', '285.56', '0.00', 'total', '0.00', NULL, 'ups', 'UPS Worldwide Saver®', '86.18', NULL, 'EC-2SE90865P8005925M', '0TJ82074VP1757206', 'creditcard', '2014-03-03 13:33:34', 'Completed', '371.74', '<?xml version="1.0" encoding="utf-8"?><!DOCTYPE cXML SYSTEM "http://xml.cxml.org/schemas/cXML/1.2.014/cXML.dtd"><cXML xml:lang="en-US" payloadID="20140303152623_0001_918478" timestamp="2014-03-03T15:26:23-0600"><Request><OrderRequest><OrderRequestHeader orderID="20140303152623_0001_918478" orderDate="2014-03-03T15:26:23-0600"><Total><Money currency="USD">285.56</Money></Total><ShipTo><Address><Name xml:lang="en-US"></Name><PostalAddress><DeliverTo></DeliverTo><FullName>Dean Swerdfeger</FullName><Street>12 Bath Rd,</Street><Street></Street><City>Iroquois</City><State>Ontario</State><PostalCode>K0E 1K0</PostalCode><Country>CA</Country></PostalAddress><Email>dswerdfeger@thirdhighfarms.ca</Email><Phone name="work"><TelephoneNumber><CountryCode isoCountryCode="US">1</CountryCode><AreaOrCityCode>613</AreaOrCityCode><Number>802-9106</Number></TelephoneNumber></Phone></Address></ShipTo><Comments></Comments><Extrinsic name="OrderType"></Extrinsic><Extrinsic name="PurchaseOrderNumber"></Extrinsic><Extrinsic name="SessionId"></Extrinsic></OrderRequestHeader><ItemOut quantity="2"><ItemID><SupplierPartID>K001139</SupplierPartID><SupplierPartAuxiliaryID /></ItemID><ItemDetail><UnitPrice><Money currency="USD">285.56</Money></UnitPrice><Description xml:lang="en">ROTARY CUTTER KIT</Description><UnitOfMeasure /></ItemDetail></ItemOut></OrderRequest></Request></cXML>', 'new'),
(101, '2014-03-04 14:17:16', '20140304140842_0001_801554', '', 1, 'en', '15.63', '0.00', 'total', '0.00', NULL, 'ups', 'UPS Ground', '18.49', 'ATTN:Jeff Duncan\r\nJohanna Beverage Company\r\n5625 West Thorpe RD.\r\nSpokane, WA.\r\n99224', 'EC-1CX98966ST334091S', '7ML18224J3541183T', 'creditcard', '2014-03-04 12:17:09', 'Completed', '34.12', '<?xml version="1.0" encoding="utf-8"?><!DOCTYPE cXML SYSTEM "http://xml.cxml.org/schemas/cXML/1.2.014/cXML.dtd"><cXML xml:lang="en-US" payloadID="20140304140842_0001_801554" timestamp="2014-03-04T14:08:42-0600"><Request><OrderRequest><OrderRequestHeader orderID="20140304140842_0001_801554" orderDate="2014-03-04T14:08:42-0600"><Total><Money currency="USD">15.63</Money></Total><ShipTo><Address><Name xml:lang="en-US"></Name><PostalAddress><DeliverTo></DeliverTo><FullName>Jeffrey S. Duncan </FullName><Street>pob # 263 </Street><Street></Street><City>Ford</City><State>Washington</State><PostalCode>99013</PostalCode><Country>US</Country></PostalAddress><Email>jduncan@johannabeverage.com</Email><Phone name="work"><TelephoneNumber><CountryCode isoCountryCode="US">1</CountryCode><AreaOrCityCode>509</AreaOrCityCode><Number>590-8491</Number></TelephoneNumber></Phone></Address></ShipTo><Comments></Comments><Extrinsic name="OrderType"></Extrinsic><Extrinsic name="PurchaseOrderNumber"></Extrinsic><Extrinsic name="SessionId"></Extrinsic></OrderRequestHeader><ItemOut quantity="1"><ItemID><SupplierPartID>233600B</SupplierPartID><SupplierPartAuxiliaryID /></ItemID><ItemDetail><UnitPrice><Money currency="USD">15.63</Money></UnitPrice><Description xml:lang="en">BASE WITH VOLUTE ASSEMBLY</Description><UnitOfMeasure /></ItemDetail></ItemOut></OrderRequest></Request></cXML>', 'new'),
(102, '2014-03-04 16:12:50', '20140304161002_0001_478596', '', 1, 'en', '19.81', '0.00', 'total', '0.00', NULL, 'ups', 'UPS Ground', '12.25', NULL, 'EC-34G05217S7368511E', '18C34679V79805135', 'paypal', '2014-03-04 14:12:43', 'Completed', '32.06', '<?xml version="1.0" encoding="utf-8"?><!DOCTYPE cXML SYSTEM "http://xml.cxml.org/schemas/cXML/1.2.014/cXML.dtd"><cXML xml:lang="en-US" payloadID="20140304161002_0001_478596" timestamp="2014-03-04T16:10:02-0600"><Request><OrderRequest><OrderRequestHeader orderID="20140304161002_0001_478596" orderDate="2014-03-04T16:10:02-0600"><Total><Money currency="USD">19.81</Money></Total><ShipTo><Address><Name xml:lang="en-US"></Name><PostalAddress><DeliverTo></DeliverTo><FullName>John Kelly Mechcanial contractors</FullName><Street>932 4th ave </Street><Street></Street><City>Neptune city</City><State>NJ</State><PostalCode>07753</PostalCode><Country>US</Country></PostalAddress><Email>jkmc2013@yahoo.com</Email><Phone name="work"><TelephoneNumber><CountryCode isoCountryCode="US">1</CountryCode><AreaOrCityCode>732</AreaOrCityCode><Number>492-3556</Number></TelephoneNumber></Phone></Address></ShipTo><Comments></Comments><Extrinsic name="OrderType"></Extrinsic><Extrinsic name="PurchaseOrderNumber"></Extrinsic><Extrinsic name="SessionId"></Extrinsic></OrderRequestHeader><ItemOut quantity="1"><ItemID><SupplierPartID>K001023</SupplierPartID><SupplierPartAuxiliaryID /></ItemID><ItemDetail><UnitPrice><Money currency="USD">19.81</Money></UnitPrice><Description xml:lang="en">IMPELLER KIT, INCLUDES SHAFT CAP, COVER SEAL AND COVER SCREWS</Description><UnitOfMeasure /></ItemDetail></ItemOut></OrderRequest></Request></cXML>', 'new');
INSERT INTO `orders` (`id`, `order_date`, `payload_id`, `number`, `price_type_id`, `language_code`, `subtotal`, `handling`, `shipping_tax_mode`, `shipping_tax`, `shipping_tax_description`, `shipping_type`, `shipping_method`, `shipping_cost`, `shipping_instructions`, `token`, `transaction_id`, `payment_type`, `payment_date`, `payment_status`, `total`, `xml_data`, `status`) VALUES
(103, '2014-03-05 08:31:20', '20140305082936_0001_699094', '016821', 1, 'en', '26.26', '0.00', 'total', '0.00', NULL, 'ups', 'UPS Ground', '16.58', NULL, 'EC-0A825420YY808074U', '9A53189931461953C', 'paypal', '2014-03-05 06:31:13', 'Completed', '42.84', '<?xml version="1.0" encoding="utf-8"?><!DOCTYPE cXML SYSTEM "http://xml.cxml.org/schemas/cXML/1.2.014/cXML.dtd"><cXML xml:lang="en-US" payloadID="20140305082936_0001_699094" timestamp="2014-03-05T08:29:36-0600"><Request><OrderRequest><OrderRequestHeader orderID="20140305082936_0001_699094" orderDate="2014-03-05T08:29:36-0600"><Total><Money currency="USD">26.26</Money></Total><ShipTo><Address><Name xml:lang="en-US"></Name><PostalAddress><DeliverTo></DeliverTo><FullName>Tracy Jones</FullName><Street>211 Collins Rd</Street><Street></Street><City>Jefferson</City><State>WI</State><PostalCode>53549</PostalCode><Country>US</Country></PostalAddress><Email>tracy.jones@amscnc.com</Email><Phone name="work"><TelephoneNumber><CountryCode isoCountryCode="US">1</CountryCode><AreaOrCityCode>920</AreaOrCityCode><Number>675-2032</Number></TelephoneNumber></Phone></Address></ShipTo><Comments></Comments><Extrinsic name="OrderType"></Extrinsic><Extrinsic name="PurchaseOrderNumber">016821</Extrinsic><Extrinsic name="SessionId"></Extrinsic></OrderRequestHeader><ItemOut quantity="2"><ItemID><SupplierPartID>K001254</SupplierPartID><SupplierPartAuxiliaryID /></ItemID><ItemDetail><UnitPrice><Money currency="USD">26.26</Money></UnitPrice><Description xml:lang="en">3043000 5/16" SHAFT SEAL</Description><UnitOfMeasure /></ItemDetail></ItemOut></OrderRequest></Request></cXML>', 'new'),
(104, '2014-03-06 15:16:48', '20140306151033_0001_318152', '', 1, 'en', '20.43', '0.00', 'total', '2.63', '(8.00 % TAX)', 'ups', 'UPS Ground', '12.42', NULL, 'EC-4B7656472D359844H', '4F7336336H642025T', 'creditcard', '2014-03-06 13:16:38', 'Completed', '35.48', '<?xml version="1.0" encoding="utf-8"?><!DOCTYPE cXML SYSTEM "http://xml.cxml.org/schemas/cXML/1.2.014/cXML.dtd"><cXML xml:lang="en-US" payloadID="20140306151033_0001_318152" timestamp="2014-03-06T15:10:33-0600"><Request><OrderRequest><OrderRequestHeader orderID="20140306151033_0001_318152" orderDate="2014-03-06T15:10:33-0600"><Total><Money currency="USD">20.43</Money></Total><ShipTo><Address><Name xml:lang="en-US"></Name><PostalAddress><DeliverTo></DeliverTo><FullName>John Thomas</FullName><Street>110 Pleasant Pkwy.</Street><Street></Street><City>Buffalo</City><State>ny</State><PostalCode>14206</PostalCode><Country>US</Country></PostalAddress><Email>coldspot64@hotmail.com</Email><Phone name="work"><TelephoneNumber><CountryCode isoCountryCode="US">1</CountryCode><AreaOrCityCode>716</AreaOrCityCode><Number>704-5563</Number></TelephoneNumber></Phone></Address></ShipTo><Comments></Comments><Extrinsic name="OrderType"></Extrinsic><Extrinsic name="PurchaseOrderNumber"></Extrinsic><Extrinsic name="SessionId"></Extrinsic></OrderRequestHeader><ItemOut quantity="1"><ItemID><SupplierPartID>1106000</SupplierPartID><SupplierPartAuxiliaryID /></ItemID><ItemDetail><UnitPrice><Money currency="USD">13.62</Money></UnitPrice><Description xml:lang="en">COLUMN, BRASS 1.5x24x.049</Description><UnitOfMeasure /></ItemDetail></ItemOut><ItemOut quantity="1"><ItemID><SupplierPartID>1010000</SupplierPartID><SupplierPartAuxiliaryID /></ItemID><ItemDetail><UnitPrice><Money currency="USD">0.38</Money></UnitPrice><Description xml:lang="en">FELT WASHER, 1/2 x 1-1/2 x 3/8</Description><UnitOfMeasure /></ItemDetail></ItemOut><ItemOut quantity="1"><ItemID><SupplierPartID>1008000</SupplierPartID><SupplierPartAuxiliaryID /></ItemID><ItemDetail><UnitPrice><Money currency="USD">6.43</Money></UnitPrice><Description xml:lang="en">1/2" FLEXIBLE COUPLING</Description><UnitOfMeasure /></ItemDetail></ItemOut></OrderRequest></Request></cXML>', 'new'),
(105, '2014-03-06 16:15:59', '20140306161326_0001_263944', 'stock', 1, 'en', '41.12', '0.00', 'total', '0.00', NULL, 'ups', 'UPS Ground', '17.41', 'Leave on porch', 'EC-20H19243EE417135A', '8JU37311633939835', 'paypal', '2014-03-06 14:15:49', 'Completed', '58.53', '<?xml version="1.0" encoding="utf-8"?><!DOCTYPE cXML SYSTEM "http://xml.cxml.org/schemas/cXML/1.2.014/cXML.dtd"><cXML xml:lang="en-US" payloadID="20140306161326_0001_263944" timestamp="2014-03-06T16:13:26-0600"><Request><OrderRequest><OrderRequestHeader orderID="20140306161326_0001_263944" orderDate="2014-03-06T16:13:26-0600"><Total><Money currency="USD">41.12</Money></Total><ShipTo><Address><Name xml:lang="en-US"></Name><PostalAddress><DeliverTo></DeliverTo><FullName>Anchor Plumbing &amp; Heating</FullName><Street>1488 E. Main St.</Street><Street></Street><City>Center Conway</City><State>NH</State><PostalCode>03813</PostalCode><Country>US</Country></PostalAddress><Email>anchorplumbingnh@gmail.com</Email><Phone name="work"><TelephoneNumber><CountryCode isoCountryCode="US">1</CountryCode><AreaOrCityCode>603</AreaOrCityCode><Number>447-6072</Number></TelephoneNumber></Phone></Address></ShipTo><Comments></Comments><Extrinsic name="OrderType"></Extrinsic><Extrinsic name="PurchaseOrderNumber">stock</Extrinsic><Extrinsic name="SessionId"></Extrinsic></OrderRequestHeader><ItemOut quantity="1"><ItemID><SupplierPartID>K001173</SupplierPartID><SupplierPartAuxiliaryID /></ItemID><ItemDetail><UnitPrice><Money currency="USD">41.12</Money></UnitPrice><Description xml:lang="en">FRONT PLATE, GASKET AND HARDWARE</Description><UnitOfMeasure /></ItemDetail></ItemOut></OrderRequest></Request></cXML>', 'new'),
(106, '2014-03-07 07:12:48', '20140307071037_0001_990637', '', 1, 'en', '15.87', '0.00', 'total', '2.46', '(8.00 % TAX)', 'ups', 'UPS Ground', '14.83', NULL, 'EC-4PK481500T1180341', '6L048929HX798293H', 'paypal', '2014-03-07 05:12:38', 'Completed', '33.16', '<?xml version="1.0" encoding="utf-8"?><!DOCTYPE cXML SYSTEM "http://xml.cxml.org/schemas/cXML/1.2.014/cXML.dtd"><cXML xml:lang="en-US" payloadID="20140307071037_0001_990637" timestamp="2014-03-07T07:10:37-0600"><Request><OrderRequest><OrderRequestHeader orderID="20140307071037_0001_990637" orderDate="2014-03-07T07:10:37-0600"><Total><Money currency="USD">15.87</Money></Total><ShipTo><Address><Name xml:lang="en-US"></Name><PostalAddress><DeliverTo></DeliverTo><FullName>William J. Cox III</FullName><Street>3514 Palmer Road</Street><Street></Street><City>Ransomville</City><State>NY</State><PostalCode>14131</PostalCode><Country>US</Country></PostalAddress><Email>bcox@preciousplate.com</Email><Phone name="work"><TelephoneNumber><CountryCode isoCountryCode="US">1</CountryCode><AreaOrCityCode>716</AreaOrCityCode><Number>807-5268</Number></TelephoneNumber></Phone></Address></ShipTo><Comments></Comments><Extrinsic name="OrderType"></Extrinsic><Extrinsic name="PurchaseOrderNumber"></Extrinsic><Extrinsic name="SessionId"></Extrinsic></OrderRequestHeader><ItemOut quantity="1"><ItemID><SupplierPartID>K001330</SupplierPartID><SupplierPartAuxiliaryID /></ItemID><ItemDetail><UnitPrice><Money currency="USD">15.87</Money></UnitPrice><Description xml:lang="en">VMF SWITCH AND SEALRING KIT</Description><UnitOfMeasure /></ItemDetail></ItemOut></OrderRequest></Request></cXML>', 'new'),
(107, '2014-03-07 14:45:11', '20140307143834_0001_165733', '', 1, 'en', '14.00', '0.00', 'total', '0.00', NULL, 'ups', 'UPS Standard to Canada', '20.70', NULL, 'EC-9SU89874H2438344V', '297012958X077943U', 'creditcard', '2014-03-07 12:45:00', 'Completed', '34.70', '<?xml version="1.0" encoding="utf-8"?><!DOCTYPE cXML SYSTEM "http://xml.cxml.org/schemas/cXML/1.2.014/cXML.dtd"><cXML xml:lang="en-US" payloadID="20140307143834_0001_165733" timestamp="2014-03-07T14:38:34-0600"><Request><OrderRequest><OrderRequestHeader orderID="20140307143834_0001_165733" orderDate="2014-03-07T14:38:34-0600"><Total><Money currency="USD">14.00</Money></Total><ShipTo><Address><Name xml:lang="en-US"></Name><PostalAddress><DeliverTo></DeliverTo><FullName>Andrew Bartlett</FullName><Street>4131 Heuvelmans rd.</Street><Street></Street><City>Ottawa </City><State>Ontario</State><PostalCode>K4B1J1</PostalCode><Country>CA</Country></PostalAddress><Email>gilli_andrew@hotmail.com</Email><Phone name="work"><TelephoneNumber><CountryCode isoCountryCode="US">1</CountryCode><AreaOrCityCode>613</AreaOrCityCode><Number>859-3513</Number></TelephoneNumber></Phone></Address></ShipTo><Comments></Comments><Extrinsic name="OrderType"></Extrinsic><Extrinsic name="PurchaseOrderNumber"></Extrinsic><Extrinsic name="SessionId"></Extrinsic></OrderRequestHeader><ItemOut quantity="1"><ItemID><SupplierPartID>K001376</SupplierPartID><SupplierPartAuxiliaryID /></ItemID><ItemDetail><UnitPrice><Money currency="USD">14.00</Money></UnitPrice><Description xml:lang="en">6652000 VENT FLANGE AND SCREWS</Description><UnitOfMeasure /></ItemDetail></ItemOut></OrderRequest></Request></cXML>', 'new'),
(108, '2014-03-09 17:27:51', '20140309172233_0001_983116', '', 1, 'en', '14.18', '0.00', 'total', '0.00', NULL, 'ups', 'UPS Ground', '16.33', NULL, 'EC-48F014424U551682C', '8WY71163T5898810F', 'creditcard', '2014-03-09 16:27:36', 'Completed', '30.51', '<?xml version="1.0" encoding="utf-8"?><!DOCTYPE cXML SYSTEM "http://xml.cxml.org/schemas/cXML/1.2.014/cXML.dtd"><cXML xml:lang="en-US" payloadID="20140309172233_0001_983116" timestamp="2014-03-09T17:22:33-0600"><Request><OrderRequest><OrderRequestHeader orderID="20140309172233_0001_983116" orderDate="2014-03-09T17:22:33-0600"><Total><Money currency="USD">14.00</Money></Total><ShipTo><Address><Name xml:lang="en-US"></Name><PostalAddress><DeliverTo></DeliverTo><FullName>Sam galloway</FullName><Street>3921 hwy 105 south</Street><Street></Street><City>Hardinsburg </City><State>Ky</State><PostalCode>40143</PostalCode><Country>US</Country></PostalAddress><Email>sam.gallowak@yahoo.com</Email><Phone name="work"><TelephoneNumber><CountryCode isoCountryCode="US">1</CountryCode><AreaOrCityCode>270</AreaOrCityCode><Number>668-9934</Number></TelephoneNumber></Phone></Address></ShipTo><Comments></Comments><Extrinsic name="OrderType"></Extrinsic><Extrinsic name="PurchaseOrderNumber"></Extrinsic><Extrinsic name="SessionId"></Extrinsic></OrderRequestHeader><ItemOut quantity="1"><ItemID><SupplierPartID>K001021</SupplierPartID><SupplierPartAuxiliaryID /></ItemID><ItemDetail><UnitPrice><Money currency="USD">14.00</Money></UnitPrice><Description xml:lang="en">BRUSH KIT, INCLUDES CAPS, SET OF 2</Description><UnitOfMeasure /></ItemDetail></ItemOut></OrderRequest></Request></cXML>', 'new'),
(109, '2014-03-10 07:48:01', '20140310074632_0001_375284', 'K001190', 1, 'en', '40.08', '0.00', 'total', '0.00', NULL, 'ups', 'UPS Ground', '13.53', NULL, 'EC-0SH55591MU498810X', '6Y6432701V4025245', 'paypal', '2014-03-10 06:47:45', 'Completed', '53.61', '<?xml version="1.0" encoding="utf-8"?><!DOCTYPE cXML SYSTEM "http://xml.cxml.org/schemas/cXML/1.2.014/cXML.dtd"><cXML xml:lang="en-US" payloadID="20140310074632_0001_375284" timestamp="2014-03-10T07:46:32-0600"><Request><OrderRequest><OrderRequestHeader orderID="20140310074632_0001_375284" orderDate="2014-03-10T07:46:32-0600"><Total><Money currency="USD">40.08</Money></Total><ShipTo><Address><Name xml:lang="en-US"></Name><PostalAddress><DeliverTo></DeliverTo><FullName>Robert Siler</FullName><Street>7737 Forest Creek Ct.</Street><Street></Street><City>Maumee</City><State>Oh</State><PostalCode>43537</PostalCode><Country>US</Country></PostalAddress><Email>rjs0293@yahoo.com</Email><Phone name="work"><TelephoneNumber><CountryCode isoCountryCode="US">1</CountryCode><AreaOrCityCode>419</AreaOrCityCode><Number>357-1811</Number></TelephoneNumber></Phone></Address></ShipTo><Comments></Comments><Extrinsic name="OrderType"></Extrinsic><Extrinsic name="PurchaseOrderNumber">K001190</Extrinsic><Extrinsic name="SessionId"></Extrinsic></OrderRequestHeader><ItemOut quantity="1"><ItemID><SupplierPartID>K001190</SupplierPartID><SupplierPartAuxiliaryID /></ItemID><ItemDetail><UnitPrice><Money currency="USD">40.08</Money></UnitPrice><Description xml:lang="en">FLOAT SWITCH KIT</Description><UnitOfMeasure /></ItemDetail></ItemOut></OrderRequest></Request></cXML>', 'new'),
(110, '2014-03-10 08:37:52', '20140310083502_0001_875526', '', 1, 'en', '53.88', '0.00', 'total', '0.00', NULL, 'ups', 'UPS Ground', '17.41', NULL, 'EC-6WD71241XU325300S', '4VE46573VX590271W', 'creditcard', '2014-03-10 07:37:36', 'Completed', '71.29', '<?xml version="1.0" encoding="utf-8"?><!DOCTYPE cXML SYSTEM "http://xml.cxml.org/schemas/cXML/1.2.014/cXML.dtd"><cXML xml:lang="en-US" payloadID="20140310083502_0001_875526" timestamp="2014-03-10T08:35:02-0600"><Request><OrderRequest><OrderRequestHeader orderID="20140310083502_0001_875526" orderDate="2014-03-10T08:35:02-0600"><Total><Money currency="USD">53.88</Money></Total><ShipTo><Address><Name xml:lang="en-US"></Name><PostalAddress><DeliverTo></DeliverTo><FullName>Danny Pierce</FullName><Street>65 Bruington Lane</Street><Street></Street><City>Hardinsburg</City><State>Kentucky</State><PostalCode>40143</PostalCode><Country>US</Country></PostalAddress><Email>dannypierce47@yahoo.com</Email><Phone name="work"><TelephoneNumber><CountryCode isoCountryCode="US">1</CountryCode><AreaOrCityCode>270</AreaOrCityCode><Number>756-2807</Number></TelephoneNumber></Phone></Address></ShipTo><Comments></Comments><Extrinsic name="OrderType"></Extrinsic><Extrinsic name="PurchaseOrderNumber"></Extrinsic><Extrinsic name="SessionId"></Extrinsic></OrderRequestHeader><ItemOut quantity="2"><ItemID><SupplierPartID>K001006</SupplierPartID><SupplierPartAuxiliaryID /></ItemID><ItemDetail><UnitPrice><Money currency="USD">53.88</Money></UnitPrice><Description xml:lang="en">VERTICLE SWITCH KIT</Description><UnitOfMeasure /></ItemDetail></ItemOut></OrderRequest></Request></cXML>', 'new'),
(111, '2014-03-10 08:58:18', '20140310085603_0001_321491', 'plant 22', 1, 'en', '47.80', '0.00', 'total', '0.00', NULL, 'ups', 'UPS Ground', '17.41', NULL, 'EC-9JM94876UY5423153', '1N423124823209324', 'paypal', '2014-03-10 07:58:01', 'Completed', '65.21', '<?xml version="1.0" encoding="utf-8"?><!DOCTYPE cXML SYSTEM "http://xml.cxml.org/schemas/cXML/1.2.014/cXML.dtd"><cXML xml:lang="en-US" payloadID="20140310085603_0001_321491" timestamp="2014-03-10T08:56:03-0600"><Request><OrderRequest><OrderRequestHeader orderID="20140310085603_0001_321491" orderDate="2014-03-10T08:56:03-0600"><Total><Money currency="USD">47.80</Money></Total><ShipTo><Address><Name xml:lang="en-US"></Name><PostalAddress><DeliverTo></DeliverTo><FullName>Harold Martin</FullName><Street>201 Koehler Rd</Street><Street></Street><City>Martinsville</City><State>va</State><PostalCode>24112</PostalCode><Country>US</Country></PostalAddress><Email>wmartin@boxley.com</Email><Phone name="work"><TelephoneNumber><CountryCode isoCountryCode="US">1</CountryCode><AreaOrCityCode>276</AreaOrCityCode><Number>340-9771</Number></TelephoneNumber></Phone></Address></ShipTo><Comments></Comments><Extrinsic name="OrderType"></Extrinsic><Extrinsic name="PurchaseOrderNumber">plant 22</Extrinsic><Extrinsic name="SessionId"></Extrinsic></OrderRequestHeader><ItemOut quantity="2"><ItemID><SupplierPartID>K001039</SupplierPartID><SupplierPartAuxiliaryID /></ItemID><ItemDetail><UnitPrice><Money currency="USD">47.80</Money></UnitPrice><Description xml:lang="en">IMPELLER</Description><UnitOfMeasure /></ItemDetail></ItemOut></OrderRequest></Request></cXML>', 'new'),
(112, '2014-03-12 08:33:44', '20140312082459_0001_256575', '', 1, 'en', '33.99', '0.00', 'total', '0.00', NULL, 'ups', 'UPS Ground', '14.17', NULL, 'EC-9KH063729L096441X', '8FA79583WK0872613', 'creditcard', '2014-03-12 07:33:23', 'Completed', '48.16', '<?xml version="1.0" encoding="utf-8"?><!DOCTYPE cXML SYSTEM "http://xml.cxml.org/schemas/cXML/1.2.014/cXML.dtd"><cXML xml:lang="en-US" payloadID="20140312082459_0001_256575" timestamp="2014-03-12T08:24:59-0600"><Request><OrderRequest><OrderRequestHeader orderID="20140312082459_0001_256575" orderDate="2014-03-12T08:24:59-0600"><Total><Money currency="USD">33.81</Money></Total><ShipTo><Address><Name xml:lang="en-US"></Name><PostalAddress><DeliverTo></DeliverTo><FullName>PATRICK KEATING</FullName><Street>260 SW 21 TERR</Street><Street></Street><City>FORT LAUDERDALE</City><State>FLORIDA</State><PostalCode>33312</PostalCode><Country>US</Country></PostalAddress><Email>PATRICK.KEATING@PARADISESERVICES.BIZ</Email><Phone name="work"><TelephoneNumber><CountryCode isoCountryCode="US">1</CountryCode><AreaOrCityCode>954</AreaOrCityCode><Number>563-0110</Number></TelephoneNumber></Phone></Address></ShipTo><Comments></Comments><Extrinsic name="OrderType"></Extrinsic><Extrinsic name="PurchaseOrderNumber"></Extrinsic><Extrinsic name="SessionId"></Extrinsic></OrderRequestHeader><ItemOut quantity="1"><ItemID><SupplierPartID>K001023</SupplierPartID><SupplierPartAuxiliaryID /></ItemID><ItemDetail><UnitPrice><Money currency="USD">19.81</Money></UnitPrice><Description xml:lang="en">IMPELLER KIT, INCLUDES SHAFT CAP, COVER SEAL AND COVER SCREWS</Description><UnitOfMeasure /></ItemDetail></ItemOut><ItemOut quantity="1"><ItemID><SupplierPartID>K001021</SupplierPartID><SupplierPartAuxiliaryID /></ItemID><ItemDetail><UnitPrice><Money currency="USD">14.00</Money></UnitPrice><Description xml:lang="en">BRUSH KIT, INCLUDES CAPS, SET OF 2</Description><UnitOfMeasure /></ItemDetail></ItemOut></OrderRequest></Request></cXML>', 'new'),
(113, '2014-03-12 12:26:38', '20140312121949_0001_461101', 'kevin', 1, 'en', '19.81', '0.00', 'total', '0.00', NULL, 'ups', 'UPS Ground', '13.35', 'ups can leave package next door at auto shop if no body is at our shop', 'EC-1NP22618SW3263532', '1D097468HJ416574M', 'creditcard', '2014-03-12 11:26:17', 'Completed', '33.16', '<?xml version="1.0" encoding="utf-8"?><!DOCTYPE cXML SYSTEM "http://xml.cxml.org/schemas/cXML/1.2.014/cXML.dtd"><cXML xml:lang="en-US" payloadID="20140312121949_0001_461101" timestamp="2014-03-12T12:19:49-0600"><Request><OrderRequest><OrderRequestHeader orderID="20140312121949_0001_461101" orderDate="2014-03-12T12:19:49-0600"><Total><Money currency="USD">19.81</Money></Total><ShipTo><Address><Name xml:lang="en-US"></Name><PostalAddress><DeliverTo></DeliverTo><FullName>Fix Enterprises LLC dba Roto Rooter</FullName><Street>5440 E. Commerce Ave # E</Street><Street></Street><City>Flagstaff </City><State>AZ</State><PostalCode>86004</PostalCode><Country>US</Country></PostalAddress><Email>rotorooterflag@qwestoffice.net</Email><Phone name="work"><TelephoneNumber><CountryCode isoCountryCode="US">1</CountryCode><AreaOrCityCode>928</AreaOrCityCode><Number>853-3919</Number></TelephoneNumber></Phone></Address></ShipTo><Comments></Comments><Extrinsic name="OrderType"></Extrinsic><Extrinsic name="PurchaseOrderNumber">kevin</Extrinsic><Extrinsic name="SessionId"></Extrinsic></OrderRequestHeader><ItemOut quantity="1"><ItemID><SupplierPartID>K001023</SupplierPartID><SupplierPartAuxiliaryID /></ItemID><ItemDetail><UnitPrice><Money currency="USD">19.81</Money></UnitPrice><Description xml:lang="en">IMPELLER KIT, INCLUDES SHAFT CAP, COVER SEAL AND COVER SCREWS</Description><UnitOfMeasure /></ItemDetail></ItemOut></OrderRequest></Request></cXML>', 'new'),
(114, '2014-03-15 15:06:04', '20140315144955_0001_710474', '', 1, 'en', '23.90', '0.00', 'total', '0.00', NULL, 'ups', 'UPS Ground', '12.45', 'Please leave item at front door.', 'EC-3G299189YD6966825', '7B3386417T281745N', 'creditcard', '2014-03-15 14:05:37', 'Completed', '36.35', '<?xml version="1.0" encoding="utf-8"?><!DOCTYPE cXML SYSTEM "http://xml.cxml.org/schemas/cXML/1.2.014/cXML.dtd"><cXML xml:lang="en-US" payloadID="20140315144955_0001_710474" timestamp="2014-03-15T14:49:55-0600"><Request><OrderRequest><OrderRequestHeader orderID="20140315144955_0001_710474" orderDate="2014-03-15T14:49:55-0600"><Total><Money currency="USD">23.90</Money></Total><ShipTo><Address><Name xml:lang="en-US"></Name><PostalAddress><DeliverTo></DeliverTo><FullName>Richard Merrill</FullName><Street>79 Brasley ave</Street><Street></Street><City>Glenburn</City><State>Maine</State><PostalCode>04401</PostalCode><Country>US</Country></PostalAddress><Email>ramduc@hotmail.com</Email><Phone name="work"><TelephoneNumber><CountryCode isoCountryCode="US">1</CountryCode><AreaOrCityCode>207</AreaOrCityCode><Number>947-4834</Number></TelephoneNumber></Phone></Address></ShipTo><Comments></Comments><Extrinsic name="OrderType"></Extrinsic><Extrinsic name="PurchaseOrderNumber"></Extrinsic><Extrinsic name="SessionId"></Extrinsic></OrderRequestHeader><ItemOut quantity="1"><ItemID><SupplierPartID>K001039</SupplierPartID><SupplierPartAuxiliaryID /></ItemID><ItemDetail><UnitPrice><Money currency="USD">23.90</Money></UnitPrice><Description xml:lang="en">IMPELLER</Description><UnitOfMeasure /></ItemDetail></ItemOut></OrderRequest></Request></cXML>', 'new'),
(115, '2014-03-21 06:44:08', '20140321064205_0001_256547', '', 1, 'en', '25.00', '0.00', 'total', '0.00', NULL, 'ups', 'UPS Ground', '15.82', NULL, 'EC-5FF84582186178335', '4SK44170US620563E', 'creditcard', '2014-03-21 05:44:02', 'Completed', '40.82', '<?xml version="1.0" encoding="utf-8"?><!DOCTYPE cXML SYSTEM "http://xml.cxml.org/schemas/cXML/1.2.014/cXML.dtd"><cXML xml:lang="en-US" payloadID="20140321064205_0001_256547" timestamp="2014-03-21T06:42:05-0600"><Request><OrderRequest><OrderRequestHeader orderID="20140321064205_0001_256547" orderDate="2014-03-21T06:42:05-0600"><Total><Money currency="USD">25.00</Money></Total><ShipTo><Address><Name xml:lang="en-US"></Name><PostalAddress><DeliverTo></DeliverTo><FullName>Joseph Mefferd</FullName><Street>2404 West Highway 30</Street><Street></Street><City>Denison</City><State>IA</State><PostalCode>51442</PostalCode><Country>US</Country></PostalAddress><Email>joe_mefferd@andersonsinc.com</Email><Phone name="work"><TelephoneNumber><CountryCode isoCountryCode="US">1</CountryCode><AreaOrCityCode>712</AreaOrCityCode><Number>263-7065</Number></TelephoneNumber></Phone></Address></ShipTo><Comments></Comments><Extrinsic name="OrderType"></Extrinsic><Extrinsic name="PurchaseOrderNumber"></Extrinsic><Extrinsic name="SessionId"></Extrinsic></OrderRequestHeader><ItemOut quantity="1"><ItemID><SupplierPartID>K001010</SupplierPartID><SupplierPartAuxiliaryID /></ItemID><ItemDetail><UnitPrice><Money currency="USD">25.00</Money></UnitPrice><Description xml:lang="en">POWER CORD, 115V, 10 FOOT CORD</Description><UnitOfMeasure /></ItemDetail></ItemOut></OrderRequest></Request></cXML>', 'new'),
(116, '2014-03-24 13:48:48', '20140324134528_0001_985869', '', 1, 'en', '55.00', '0.00', 'total', '0.00', NULL, 'ups', 'UPS Ground', '13.99', NULL, 'EC-11N156821B443231H', '1K1832723B7420035', 'paypal', '2014-03-24 12:48:34', 'Completed', '68.99', '<?xml version="1.0" encoding="utf-8"?><!DOCTYPE cXML SYSTEM "http://xml.cxml.org/schemas/cXML/1.2.014/cXML.dtd"><cXML xml:lang="en-US" payloadID="20140324134528_0001_985869" timestamp="2014-03-24T13:45:28-0600"><Request><OrderRequest><OrderRequestHeader orderID="20140324134528_0001_985869" orderDate="2014-03-24T13:45:28-0600"><Total><Money currency="USD">55.00</Money></Total><ShipTo><Address><Name xml:lang="en-US"></Name><PostalAddress><DeliverTo></DeliverTo><FullName>Christopher Lehman</FullName><Street>603 W Washington St</Street><Street></Street><City>Urbana</City><State>IL</State><PostalCode>61801</PostalCode><Country>US</Country></PostalAddress><Email>chris@streetleveldoppler.com</Email><Phone name="work"><TelephoneNumber><CountryCode isoCountryCode="US">1</CountryCode><AreaOrCityCode>217</AreaOrCityCode><Number>333-0039</Number></TelephoneNumber></Phone></Address></ShipTo><Comments></Comments><Extrinsic name="OrderType"></Extrinsic><Extrinsic name="PurchaseOrderNumber"></Extrinsic><Extrinsic name="SessionId"></Extrinsic></OrderRequestHeader><ItemOut quantity="1"><ItemID><SupplierPartID>K001184</SupplierPartID><SupplierPartAuxiliaryID /></ItemID><ItemDetail><UnitPrice><Money currency="USD">55.00</Money></UnitPrice><Description xml:lang="en">EXTENSION PIPE WITH REAR PIPE SEAL</Description><UnitOfMeasure /></ItemDetail></ItemOut></OrderRequest></Request></cXML>', 'new'),
(117, '2014-03-26 07:17:39', '20140326071159_0001_909400', '', 1, 'en', '50.50', '0.00', 'total', '0.00', NULL, 'ups', 'UPS Ground', '12.25', NULL, 'EC-7HC08149LG350952J', '75D90336JE662733N', 'creditcard', '2014-03-26 06:17:24', 'Completed', '62.75', '<?xml version="1.0" encoding="utf-8"?><!DOCTYPE cXML SYSTEM "http://xml.cxml.org/schemas/cXML/1.2.014/cXML.dtd"><cXML xml:lang="en-US" payloadID="20140326071159_0001_909400" timestamp="2014-03-26T07:11:59-0600"><Request><OrderRequest><OrderRequestHeader orderID="20140326071159_0001_909400" orderDate="2014-03-26T07:11:59-0600"><Total><Money currency="USD">50.50</Money></Total><ShipTo><Address><Name xml:lang="en-US"></Name><PostalAddress><DeliverTo></DeliverTo><FullName>freddy choi</FullName><Street>37735 enterprise ct</Street><Street>suite 300</Street><City>farmington hills</City><State>michigan</State><PostalCode>48331</PostalCode><Country>US</Country></PostalAddress><Email>freddchoi@yahoo.com</Email><Phone name="work"><TelephoneNumber><CountryCode isoCountryCode="US">1</CountryCode><AreaOrCityCode>248</AreaOrCityCode><Number>536-0146</Number></TelephoneNumber></Phone></Address></ShipTo><Comments></Comments><Extrinsic name="OrderType"></Extrinsic><Extrinsic name="PurchaseOrderNumber"></Extrinsic><Extrinsic name="SessionId"></Extrinsic></OrderRequestHeader><ItemOut quantity="1"><ItemID><SupplierPartID>K001166</SupplierPartID><SupplierPartAuxiliaryID /></ItemID><ItemDetail><UnitPrice><Money currency="USD">50.50</Money></UnitPrice><Description xml:lang="en">SWITCH KIT</Description><UnitOfMeasure /></ItemDetail></ItemOut></OrderRequest></Request></cXML>', 'new'),
(118, '2014-03-26 10:49:26', '20140326104820_0001_819386', '', 1, 'en', '96.02', '0.00', 'total', '0.00', NULL, 'ups', 'UPS Ground', '15.63', NULL, 'EC-4LF836055Y017194G', '8CH33257KH1480314', 'paypal', '2014-03-26 09:49:10', 'Completed', '111.65', '<?xml version="1.0" encoding="utf-8"?><!DOCTYPE cXML SYSTEM "http://xml.cxml.org/schemas/cXML/1.2.014/cXML.dtd"><cXML xml:lang="en-US" payloadID="20140326104820_0001_819386" timestamp="2014-03-26T10:48:20-0600"><Request><OrderRequest><OrderRequestHeader orderID="20140326104820_0001_819386" orderDate="2014-03-26T10:48:20-0600"><Total><Money currency="USD">96.02</Money></Total><ShipTo><Address><Name xml:lang="en-US"></Name><PostalAddress><DeliverTo></DeliverTo><FullName>George Grenley</FullName><Street>4662 Helpert Ct</Street><Street></Street><City>Pleasanton</City><State>CA</State><PostalCode>94588</PostalCode><Country>US</Country></PostalAddress><Email>grenley@plans2reality.com</Email><Phone name="work"><TelephoneNumber><CountryCode isoCountryCode="US">1</CountryCode><AreaOrCityCode>925</AreaOrCityCode><Number>200-6667</Number></TelephoneNumber></Phone></Address></ShipTo><Comments></Comments><Extrinsic name="OrderType"></Extrinsic><Extrinsic name="PurchaseOrderNumber"></Extrinsic><Extrinsic name="SessionId"></Extrinsic></OrderRequestHeader><ItemOut quantity="1"><ItemID><SupplierPartID>K001114</SupplierPartID><SupplierPartAuxiliaryID /></ItemID><ItemDetail><UnitPrice><Money currency="USD">47.02</Money></UnitPrice><Description xml:lang="en">PUMP SWITCH, 120V</Description><UnitOfMeasure /></ItemDetail></ItemOut><ItemOut quantity="1"><ItemID><SupplierPartID>K001115</SupplierPartID><SupplierPartAuxiliaryID /></ItemID><ItemDetail><UnitPrice><Money currency="USD">49.00</Money></UnitPrice><Description xml:lang="en">ALARM SWITCH</Description><UnitOfMeasure /></ItemDetail></ItemOut></OrderRequest></Request></cXML>', 'new'),
(119, '2014-03-26 13:25:51', '20140326132412_0001_120889', '', 1, 'en', '68.21', '0.00', 'total', '0.00', NULL, 'ups', 'UPS Ground', '17.12', NULL, 'EC-3RN93554AD667494U', '84P81154U3484414C', 'creditcard', '2014-03-26 12:25:36', 'Completed', '85.33', '<?xml version="1.0" encoding="utf-8"?><!DOCTYPE cXML SYSTEM "http://xml.cxml.org/schemas/cXML/1.2.014/cXML.dtd"><cXML xml:lang="en-US" payloadID="20140326132412_0001_120889" timestamp="2014-03-26T13:24:12-0600"><Request><OrderRequest><OrderRequestHeader orderID="20140326132412_0001_120889" orderDate="2014-03-26T13:24:12-0600"><Total><Money currency="USD">68.21</Money></Total><ShipTo><Address><Name xml:lang="en-US"></Name><PostalAddress><DeliverTo></DeliverTo><FullName>Justin Litten</FullName><Street>540 Johnsons Mill Rd.</Street><Street></Street><City>Berkeley Springs</City><State>WV</State><PostalCode>25411</PostalCode><Country>US</Country></PostalAddress><Email>low4lifej@frontier.com</Email><Phone name="work"><TelephoneNumber><CountryCode isoCountryCode="US">1</CountryCode><AreaOrCityCode>304</AreaOrCityCode><Number>268-3734</Number></TelephoneNumber></Phone></Address></ShipTo><Comments></Comments><Extrinsic name="OrderType"></Extrinsic><Extrinsic name="PurchaseOrderNumber"></Extrinsic><Extrinsic name="SessionId"></Extrinsic></OrderRequestHeader><ItemOut quantity="1"><ItemID><SupplierPartID>50340A0</SupplierPartID><SupplierPartAuxiliaryID /></ItemID><ItemDetail><UnitPrice><Money currency="USD">53.00</Money></UnitPrice><Description xml:lang="en">2X2 COVER, 8 BOLTS, FOR PVC PIPE</Description><UnitOfMeasure /></ItemDetail></ItemOut><ItemOut quantity="1"><ItemID><SupplierPartID>40650B0</SupplierPartID><SupplierPartAuxiliaryID /></ItemID><ItemDetail><UnitPrice><Money currency="USD">15.21</Money></UnitPrice><Description xml:lang="en">2" SCH80 PVC PIPE FOR 24" TANK, 17-3/8" LONG</Description><UnitOfMeasure /></ItemDetail></ItemOut></OrderRequest></Request></cXML>', 'new'),
(120, '2014-03-30 14:05:18', '20140330140436_0001_059537', '', 1, 'en', '5.31', '0.00', 'total', '0.00', NULL, 'ups', 'UPS Ground', '12.25', NULL, 'EC-70273773JE523852W', '3P867285K0417604K', 'paypal', '2014-03-30 13:04:54', 'Completed', '17.56', '<?xml version="1.0" encoding="utf-8"?><!DOCTYPE cXML SYSTEM "http://xml.cxml.org/schemas/cXML/1.2.014/cXML.dtd"><cXML xml:lang="en-US" payloadID="20140330140436_0001_059537" timestamp="2014-03-30T14:04:36-0600"><Request><OrderRequest><OrderRequestHeader orderID="20140330140436_0001_059537" orderDate="2014-03-30T14:04:36-0600"><Total><Money currency="USD">5.31</Money></Total><ShipTo><Address><Name xml:lang="en-US"></Name><PostalAddress><DeliverTo></DeliverTo><FullName>Camille Keeler</FullName><Street>106 Ramsdell St.</Street><Street></Street><City>New Haven</City><State>CT</State><PostalCode>06515</PostalCode><Country>US</Country></PostalAddress><Email>camille.keeler@gmail.com</Email><Phone name="work"><TelephoneNumber><CountryCode isoCountryCode="US">1</CountryCode><AreaOrCityCode>203</AreaOrCityCode><Number>285-0607</Number></TelephoneNumber></Phone></Address></ShipTo><Comments></Comments><Extrinsic name="OrderType"></Extrinsic><Extrinsic name="PurchaseOrderNumber"></Extrinsic><Extrinsic name="SessionId"></Extrinsic></OrderRequestHeader><ItemOut quantity="1"><ItemID><SupplierPartID>2502000</SupplierPartID><SupplierPartAuxiliaryID /></ItemID><ItemDetail><UnitPrice><Money currency="USD">5.31</Money></UnitPrice><Description xml:lang="en">PLASTIC SCREEN</Description><UnitOfMeasure /></ItemDetail></ItemOut></OrderRequest></Request></cXML>', 'new'),
(121, '2014-03-31 08:15:48', '20140331081308_0001_950891', '', 1, 'en', '50.37', '0.00', 'total', '0.00', NULL, 'ups', 'UPS Ground', '14.43', NULL, 'EC-9JV34870JA198190K', '4S288671H67860111', 'creditcard', '2014-03-31 07:15:23', 'Completed', '64.80', '<?xml version="1.0" encoding="utf-8"?><!DOCTYPE cXML SYSTEM "http://xml.cxml.org/schemas/cXML/1.2.014/cXML.dtd"><cXML xml:lang="en-US" payloadID="20140331081308_0001_950891" timestamp="2014-03-31T08:13:08-0600"><Request><OrderRequest><OrderRequestHeader orderID="20140331081308_0001_950891" orderDate="2014-03-31T08:13:08-0600"><Total><Money currency="USD">50.37</Money></Total><ShipTo><Address><Name xml:lang="en-US"></Name><PostalAddress><DeliverTo></DeliverTo><FullName>Kevin Oakleaf</FullName><Street>17960 Gearhart Rd</Street><Street></Street><City>Sidney</City><State>OH</State><PostalCode>45365</PostalCode><Country>US</Country></PostalAddress><Email>oakleaf100@yahoo.com</Email><Phone name="work"><TelephoneNumber><CountryCode isoCountryCode="US">1</CountryCode><AreaOrCityCode>419</AreaOrCityCode><Number>618-2638</Number></TelephoneNumber></Phone></Address></ShipTo><Comments></Comments><Extrinsic name="OrderType"></Extrinsic><Extrinsic name="PurchaseOrderNumber"></Extrinsic><Extrinsic name="SessionId"></Extrinsic></OrderRequestHeader><ItemOut quantity="1"><ItemID><SupplierPartID>K001240</SupplierPartID><SupplierPartAuxiliaryID /></ItemID><ItemDetail><UnitPrice><Money currency="USD">50.37</Money></UnitPrice><Description xml:lang="en">FLOAT SWITCH</Description><UnitOfMeasure /></ItemDetail></ItemOut></OrderRequest></Request></cXML>', 'new'),
(122, '2014-03-31 11:12:18', '20140331105500_0001_674158', '', 1, 'en', '15.21', '0.00', 'total', '2.25', '(8.00 % TAX)', 'ups', 'UPS Ground', '12.91', NULL, 'EC-4GB84526SB627772X', '0UA47514RD762870M', 'creditcard', '2014-03-31 10:11:53', 'Completed', '30.37', '<?xml version="1.0" encoding="utf-8"?><!DOCTYPE cXML SYSTEM "http://xml.cxml.org/schemas/cXML/1.2.014/cXML.dtd"><cXML xml:lang="en-US" payloadID="20140331105500_0001_674158" timestamp="2014-03-31T10:55:00-0600"><Request><OrderRequest><OrderRequestHeader orderID="20140331105500_0001_674158" orderDate="2014-03-31T10:55:00-0600"><Total><Money currency="USD">15.21</Money></Total><ShipTo><Address><Name xml:lang="en-US"></Name><PostalAddress><DeliverTo></DeliverTo><FullName>Richard Leong</FullName><Street>166-28 15th Drive</Street><Street></Street><City>Whitestone</City><State>NY</State><PostalCode>11357-2937</PostalCode><Country>US</Country></PostalAddress><Email>kaidoy888@hotmail.com</Email><Phone name="work"><TelephoneNumber><CountryCode isoCountryCode="US">1</CountryCode><AreaOrCityCode>917</AreaOrCityCode><Number>541-2801</Number></TelephoneNumber></Phone></Address></ShipTo><Comments></Comments><Extrinsic name="OrderType"></Extrinsic><Extrinsic name="PurchaseOrderNumber"></Extrinsic><Extrinsic name="SessionId"></Extrinsic></OrderRequestHeader><ItemOut quantity="1"><ItemID><SupplierPartID>40650B0</SupplierPartID><SupplierPartAuxiliaryID /></ItemID><ItemDetail><UnitPrice><Money currency="USD">15.21</Money></UnitPrice><Description xml:lang="en">2" SCH80 PVC PIPE FOR 24" TANK, 17-3/8" LONG</Description><UnitOfMeasure /></ItemDetail></ItemOut></OrderRequest></Request></cXML>', 'new'),
(123, '2014-04-01 13:28:29', '20140401132346_0001_107992', 'replacement parts', 1, 'en', '41.12', '0.00', 'total', '4.28', '(8.00 % TAX)', 'ups', 'UPS Ground', '12.42', NULL, 'EC-8G183568CK9316144', '36769462B9594011H', 'paypal', '2014-04-01 12:28:01', 'Completed', '57.82', '<?xml version="1.0" encoding="utf-8"?><!DOCTYPE cXML SYSTEM "http://xml.cxml.org/schemas/cXML/1.2.014/cXML.dtd"><cXML xml:lang="en-US" payloadID="20140401132346_0001_107992" timestamp="2014-04-01T13:23:46-0600"><Request><OrderRequest><OrderRequestHeader orderID="20140401132346_0001_107992" orderDate="2014-04-01T13:23:46-0600"><Total><Money currency="USD">41.12</Money></Total><ShipTo><Address><Name xml:lang="en-US"></Name><PostalAddress><DeliverTo></DeliverTo><FullName>Jeff Curtis</FullName><Street>1623 Military RD</Street><Street>BOX 173</Street><City>Niagara Falls</City><State>Ney York</State><PostalCode>14304</PostalCode><Country>US</Country></PostalAddress><Email>cinjeff@cogeco.ca</Email><Phone name="work"><TelephoneNumber><CountryCode isoCountryCode="US">1</CountryCode><AreaOrCityCode>905</AreaOrCityCode><Number>938-1738</Number></TelephoneNumber></Phone></Address></ShipTo><Comments></Comments><Extrinsic name="OrderType"></Extrinsic><Extrinsic name="PurchaseOrderNumber">replacement parts</Extrinsic><Extrinsic name="SessionId"></Extrinsic></OrderRequestHeader><ItemOut quantity="1"><ItemID><SupplierPartID>K001173</SupplierPartID><SupplierPartAuxiliaryID /></ItemID><ItemDetail><UnitPrice><Money currency="USD">41.12</Money></UnitPrice><Description xml:lang="en">FRONT PLATE, GASKET AND HARDWARE</Description><UnitOfMeasure /></ItemDetail></ItemOut></OrderRequest></Request></cXML>', 'new'),
(124, '2014-04-02 06:05:17', '20140402055916_0001_557969', '', 1, 'en', '17.83', '0.00', 'total', '0.88', '(8.00 % TAX)', 'ups', 'UPS Ground', '15.30', NULL, 'EC-3U43287444270850T', '6DG55546D7653594U', 'creditcard', '2014-04-02 05:04:48', 'Completed', '34.01', '<?xml version="1.0" encoding="utf-8"?><!DOCTYPE cXML SYSTEM "http://xml.cxml.org/schemas/cXML/1.2.014/cXML.dtd"><cXML xml:lang="en-US" payloadID="20140402055916_0001_557969" timestamp="2014-04-02T05:59:16-0600"><Request><OrderRequest><OrderRequestHeader orderID="20140402055916_0001_557969" orderDate="2014-04-02T05:59:16-0600"><Total><Money currency="USD">17.83</Money></Total><ShipTo><Address><Name xml:lang="en-US"></Name><PostalAddress><DeliverTo></DeliverTo><FullName>Chris Welch</FullName><Street>3365 Rt.9</Street><Street></Street><City>Cold Spring</City><State>NY</State><PostalCode>10516</PostalCode><Country>US</Country></PostalAddress><Email>cwelsh@twebber.com</Email><Phone name="work"><TelephoneNumber><CountryCode isoCountryCode="US">1</CountryCode><AreaOrCityCode>845</AreaOrCityCode><Number>265-1400</Number></TelephoneNumber></Phone></Address></ShipTo><Comments></Comments><Extrinsic name="OrderType"></Extrinsic><Extrinsic name="PurchaseOrderNumber"></Extrinsic><Extrinsic name="SessionId"></Extrinsic></OrderRequestHeader><ItemOut quantity="1"><ItemID><SupplierPartID>K001025</SupplierPartID><SupplierPartAuxiliaryID /></ItemID><ItemDetail><UnitPrice><Money currency="USD">17.83</Money></UnitPrice><Description xml:lang="en">FITTINGS PACKAGE</Description><UnitOfMeasure /></ItemDetail></ItemOut></OrderRequest></Request></cXML>', 'new'),
(125, '2014-04-03 07:26:45', '20140403072315_0001_517132', '', 1, 'en', '40.08', '0.00', 'total', '4.20', '(8.00 % TAX)', 'ups', 'UPS Ground', '12.42', NULL, 'EC-1PS72805YU373271Y', '5CC85843XT3423045', 'paypal', '2014-04-03 06:26:14', 'Completed', '56.70', '<?xml version="1.0" encoding="utf-8"?><!DOCTYPE cXML SYSTEM "http://xml.cxml.org/schemas/cXML/1.2.014/cXML.dtd"><cXML xml:lang="en-US" payloadID="20140403072315_0001_517132" timestamp="2014-04-03T07:23:15-0600"><Request><OrderRequest><OrderRequestHeader orderID="20140403072315_0001_517132" orderDate="2014-04-03T07:23:15-0600"><Total><Money currency="USD">40.08</Money></Total><ShipTo><Address><Name xml:lang="en-US"></Name><PostalAddress><DeliverTo></DeliverTo><FullName>marty mazzarella</FullName><Street>2315 whirlpool st ste.740</Street><Street></Street><City>niagara falls</City><State>new york</State><PostalCode>14305</PostalCode><Country>US</Country></PostalAddress><Email>marty@royallepage.ca</Email><Phone name="work"><TelephoneNumber><CountryCode isoCountryCode="US">1</CountryCode><AreaOrCityCode>905</AreaOrCityCode><Number>687-4567</Number></TelephoneNumber></Phone></Address></ShipTo><Comments></Comments><Extrinsic name="OrderType"></Extrinsic><Extrinsic name="PurchaseOrderNumber"></Extrinsic><Extrinsic name="SessionId"></Extrinsic></OrderRequestHeader><ItemOut quantity="1"><ItemID><SupplierPartID>K001190</SupplierPartID><SupplierPartAuxiliaryID /></ItemID><ItemDetail><UnitPrice><Money currency="USD">40.08</Money></UnitPrice><Description xml:lang="en">FLOAT SWITCH KIT</Description><UnitOfMeasure /></ItemDetail></ItemOut></OrderRequest></Request></cXML>', 'new'),
(126, '2014-04-03 12:41:57', '20140403123511_0001_862931', '', 1, 'en', '30.58', '0.00', 'total', '0.00', NULL, 'ups', 'UPS Ground', '15.50', NULL, 'EC-2G768335HW876992N', '8AA847938F870121W', 'creditcard', '2014-04-03 11:41:26', 'Completed', '46.08', '<?xml version="1.0" encoding="utf-8"?><!DOCTYPE cXML SYSTEM "http://xml.cxml.org/schemas/cXML/1.2.014/cXML.dtd"><cXML xml:lang="en-US" payloadID="20140403123511_0001_862931" timestamp="2014-04-03T12:35:11-0600"><Request><OrderRequest><OrderRequestHeader orderID="20140403123511_0001_862931" orderDate="2014-04-03T12:35:11-0600"><Total><Money currency="USD">30.58</Money></Total><ShipTo><Address><Name xml:lang="en-US"></Name><PostalAddress><DeliverTo></DeliverTo><FullName>Ryan Kemp</FullName><Street>6274 Sellers st</Street><Street></Street><City>Ottawa Lake</City><State>MI</State><PostalCode>49267</PostalCode><Country>US</Country></PostalAddress><Email>ryankemps@yahoo.com</Email><Phone name="work"><TelephoneNumber><CountryCode isoCountryCode="US">1</CountryCode><AreaOrCityCode>419</AreaOrCityCode><Number>466-0792</Number></TelephoneNumber></Phone></Address></ShipTo><Comments></Comments><Extrinsic name="OrderType"></Extrinsic><Extrinsic name="PurchaseOrderNumber"></Extrinsic><Extrinsic name="SessionId"></Extrinsic></OrderRequestHeader><ItemOut quantity="2"><ItemID><SupplierPartID>K001012</SupplierPartID><SupplierPartAuxiliaryID /></ItemID><ItemDetail><UnitPrice><Money currency="USD">30.58</Money></UnitPrice><Description xml:lang="en">VMF SWITCH</Description><UnitOfMeasure /></ItemDetail></ItemOut></OrderRequest></Request></cXML>', 'new'),
(127, '2014-04-04 09:40:06', '20140404093403_0001_345935', '', 1, 'en', '244.00', '0.00', 'total', '0.00', NULL, 'ups', 'UPS Ground', '20.11', NULL, 'EC-0TK98474RA122482X', '60B071348M2127816', 'creditcard', '2014-04-04 08:39:33', 'Completed', '264.11', '<?xml version="1.0" encoding="utf-8"?><!DOCTYPE cXML SYSTEM "http://xml.cxml.org/schemas/cXML/1.2.014/cXML.dtd"><cXML xml:lang="en-US" payloadID="20140404093403_0001_345935" timestamp="2014-04-04T09:34:03-0600"><Request><OrderRequest><OrderRequestHeader orderID="20140404093403_0001_345935" orderDate="2014-04-04T09:34:03-0600"><Total><Money currency="USD">244.00</Money></Total><ShipTo><Address><Name xml:lang="en-US"></Name><PostalAddress><DeliverTo></DeliverTo><FullName>kenneth r porter</FullName><Street>370 pond lick rd</Street><Street></Street><City>morehead</City><State>ky</State><PostalCode>40351</PostalCode><Country>US</Country></PostalAddress><Email>kronporter@windstream.net</Email><Phone name="work"><TelephoneNumber><CountryCode isoCountryCode="US">1</CountryCode><AreaOrCityCode>606</AreaOrCityCode><Number>784-6529</Number></TelephoneNumber></Phone></Address></ShipTo><Comments></Comments><Extrinsic name="OrderType"></Extrinsic><Extrinsic name="PurchaseOrderNumber"></Extrinsic><Extrinsic name="SessionId"></Extrinsic></OrderRequestHeader><ItemOut quantity="1"><ItemID><SupplierPartID>K001366</SupplierPartID><SupplierPartAuxiliaryID /></ItemID><ItemDetail><UnitPrice><Money currency="USD">244.00</Money></UnitPrice><Description xml:lang="en">CONTROL SYSTEM</Description><UnitOfMeasure /></ItemDetail></ItemOut></OrderRequest></Request></cXML>', 'new'),
(128, '2014-04-04 11:50:45', '20140404114801_0001_889363', '6718', 1, 'en', '73.76', '0.00', 'total', '0.00', NULL, 'ups', 'UPS 2nd Day Air®', '30.18', NULL, 'EC-70C56044YA887245U', '5UC458524U3486809', 'paypal', '2014-04-04 10:50:10', 'Completed', '103.94', '<?xml version="1.0" encoding="utf-8"?><!DOCTYPE cXML SYSTEM "http://xml.cxml.org/schemas/cXML/1.2.014/cXML.dtd"><cXML xml:lang="en-US" payloadID="20140404114801_0001_889363" timestamp="2014-04-04T11:48:01-0600"><Request><OrderRequest><OrderRequestHeader orderID="20140404114801_0001_889363" orderDate="2014-04-04T11:48:01-0600"><Total><Money currency="USD">73.76</Money></Total><ShipTo><Address><Name xml:lang="en-US"></Name><PostalAddress><DeliverTo></DeliverTo><FullName>Todd Fischer</FullName><Street>17100 Medina Rd Ste 800</Street><Street></Street><City>Plymouth</City><State>MN</State><PostalCode>55447</PostalCode><Country>US</Country></PostalAddress><Email>akuhns@northstarballoons.com</Email><Phone name="work"><TelephoneNumber><CountryCode isoCountryCode="US">1</CountryCode><AreaOrCityCode>763</AreaOrCityCode><Number>331-3632</Number></TelephoneNumber></Phone></Address></ShipTo><Comments></Comments><Extrinsic name="OrderType"></Extrinsic><Extrinsic name="PurchaseOrderNumber">6718</Extrinsic><Extrinsic name="SessionId"></Extrinsic></OrderRequestHeader><ItemOut quantity="1"><ItemID><SupplierPartID>K001159</SupplierPartID><SupplierPartAuxiliaryID /></ItemID><ItemDetail><UnitPrice><Money currency="USD">73.76</Money></UnitPrice><Description xml:lang="en">SWITCH TREE KIT</Description><UnitOfMeasure /></ItemDetail></ItemOut></OrderRequest></Request></cXML>', 'new'),
(129, '2014-04-05 22:38:35', '20140405223742_0001_297229', '', 1, 'en', '19.81', '0.00', 'total', '0.00', NULL, 'ups', 'UPS Ground', '13.35', NULL, 'EC-49P8329986149905B', '1K493388XY745653J', 'paypal', '2014-04-05 21:37:58', 'Completed', '33.16', '<?xml version="1.0" encoding="utf-8"?><!DOCTYPE cXML SYSTEM "http://xml.cxml.org/schemas/cXML/1.2.014/cXML.dtd"><cXML xml:lang="en-US" payloadID="20140405223742_0001_297229" timestamp="2014-04-05T22:37:42-0600"><Request><OrderRequest><OrderRequestHeader orderID="20140405223742_0001_297229" orderDate="2014-04-05T22:37:42-0600"><Total><Money currency="USD">19.81</Money></Total><ShipTo><Address><Name xml:lang="en-US"></Name><PostalAddress><DeliverTo></DeliverTo><FullName>Dylan Miller</FullName><Street>7041 28th Street</Street><Street></Street><City>North Highlands</City><State>CA</State><PostalCode>95660</PostalCode><Country>US</Country></PostalAddress><Email>JMDylan@gmail.com</Email><Phone name="work"><TelephoneNumber><CountryCode isoCountryCode="US">1</CountryCode><AreaOrCityCode>916</AreaOrCityCode><Number>410-0994</Number></TelephoneNumber></Phone></Address></ShipTo><Comments></Comments><Extrinsic name="OrderType"></Extrinsic><Extrinsic name="PurchaseOrderNumber"></Extrinsic><Extrinsic name="SessionId"></Extrinsic></OrderRequestHeader><ItemOut quantity="1"><ItemID><SupplierPartID>K001023</SupplierPartID><SupplierPartAuxiliaryID /></ItemID><ItemDetail><UnitPrice><Money currency="USD">19.81</Money></UnitPrice><Description xml:lang="en">IMPELLER KIT, INCLUDES SHAFT CAP, COVER SEAL AND COVER SCREWS</Description><UnitOfMeasure /></ItemDetail></ItemOut></OrderRequest></Request></cXML>', 'new'),
(130, '2014-04-06 06:03:05', '20140406055704_0001_732948', '', 1, 'en', '35.12', '0.00', 'total', '0.00', NULL, 'ups', 'UPS Ground', '16.12', NULL, 'EC-3J5666142U216160F', '4TP04936YU9598941', 'creditcard', '2014-04-06 05:03:04', 'Completed', '51.24', '<?xml version="1.0" encoding="utf-8"?><!DOCTYPE cXML SYSTEM "http://xml.cxml.org/schemas/cXML/1.2.014/cXML.dtd"><cXML xml:lang="en-US" payloadID="20140406055704_0001_732948" timestamp="2014-04-06T05:57:04-0600"><Request><OrderRequest><OrderRequestHeader orderID="20140406055704_0001_732948" orderDate="2014-04-06T05:57:04-0600"><Total><Money currency="USD">35.12</Money></Total><ShipTo><Address><Name xml:lang="en-US"></Name><PostalAddress><DeliverTo></DeliverTo><FullName>Gary Caye</FullName><Street>28 Hillcrest Drive</Street><Street></Street><City>Ashford</City><State>CT</State><PostalCode>06278</PostalCode><Country>US</Country></PostalAddress><Email>meeverhart@hotmail.com</Email><Phone name="work"><TelephoneNumber><CountryCode isoCountryCode="US">1</CountryCode><AreaOrCityCode>860</AreaOrCityCode><Number>429-8145</Number></TelephoneNumber></Phone></Address></ShipTo><Comments></Comments><Extrinsic name="OrderType"></Extrinsic><Extrinsic name="PurchaseOrderNumber"></Extrinsic><Extrinsic name="SessionId"></Extrinsic></OrderRequestHeader><ItemOut quantity="2"><ItemID><SupplierPartID>K001375</SupplierPartID><SupplierPartAuxiliaryID /></ItemID><ItemDetail><UnitPrice><Money currency="USD">35.12</Money></UnitPrice><Description xml:lang="en">FLEX HOSE AND (2) CLAMPS</Description><UnitOfMeasure /></ItemDetail></ItemOut></OrderRequest></Request></cXML>', 'new'),
(131, '2014-04-07 10:07:38', '20140407074914_0001_636999', '1369', 1, 'en', '342.00', '0.00', 'total', '0.00', NULL, 'ups', 'UPS Ground', '117.09', NULL, 'EC-9E283625CN8946335', '2VB52051319882130', 'creditcard', '2014-04-07 09:07:35', 'Completed', '459.09', '<?xml version="1.0" encoding="utf-8"?><!DOCTYPE cXML SYSTEM "http://xml.cxml.org/schemas/cXML/1.2.014/cXML.dtd"><cXML xml:lang="en-US" payloadID="20140407074914_0001_636999" timestamp="2014-04-07T07:49:14-0600"><Request><OrderRequest><OrderRequestHeader orderID="20140407074914_0001_636999" orderDate="2014-04-07T07:49:14-0600"><Total><Money currency="USD">342.00</Money></Total><ShipTo><Address><Name xml:lang="en-US"></Name><PostalAddress><DeliverTo></DeliverTo><FullName>Kerri Wells</FullName><Street>1642 Powers Ferry Road</Street><Street>Suite 250</Street><City>Marietta</City><State>GA</State><PostalCode>30067</PostalCode><Country>US</Country></PostalAddress><Email>kerri@macallangroup.com</Email><Phone name="work"><TelephoneNumber><CountryCode isoCountryCode="US">1</CountryCode><AreaOrCityCode>404</AreaOrCityCode><Number>603-8833</Number></TelephoneNumber></Phone></Address></ShipTo><Comments></Comments><Extrinsic name="OrderType"></Extrinsic><Extrinsic name="PurchaseOrderNumber">1369</Extrinsic><Extrinsic name="SessionId"></Extrinsic></OrderRequestHeader><ItemOut quantity="1"><ItemID><SupplierPartID>K001213</SupplierPartID><SupplierPartAuxiliaryID /></ItemID><ItemDetail><UnitPrice><Money currency="USD">342.00</Money></UnitPrice><Description xml:lang="en">4666000 36" FIBERGLASS COVER W/HARDWARE</Description><UnitOfMeasure /></ItemDetail></ItemOut></OrderRequest></Request></cXML>', 'new');
INSERT INTO `orders` (`id`, `order_date`, `payload_id`, `number`, `price_type_id`, `language_code`, `subtotal`, `handling`, `shipping_tax_mode`, `shipping_tax`, `shipping_tax_description`, `shipping_type`, `shipping_method`, `shipping_cost`, `shipping_instructions`, `token`, `transaction_id`, `payment_type`, `payment_date`, `payment_status`, `total`, `xml_data`, `status`) VALUES
(132, '2014-04-07 11:51:08', '20140407114917_0001_659015', '', 1, 'en', '16.27', '0.00', 'total', '0.00', NULL, 'ups', 'UPS Ground', '12.50', NULL, 'EC-5KS77610PX3153437', '5T157551MB540811E', 'paypal', '2014-04-07 10:51:04', 'Completed', '28.77', '<?xml version="1.0" encoding="utf-8"?><!DOCTYPE cXML SYSTEM "http://xml.cxml.org/schemas/cXML/1.2.014/cXML.dtd"><cXML xml:lang="en-US" payloadID="20140407114917_0001_659015" timestamp="2014-04-07T11:49:17-0600"><Request><OrderRequest><OrderRequestHeader orderID="20140407114917_0001_659015" orderDate="2014-04-07T11:49:17-0600"><Total><Money currency="USD">16.27</Money></Total><ShipTo><Address><Name xml:lang="en-US"></Name><PostalAddress><DeliverTo></DeliverTo><FullName>Stephen Moland</FullName><Street>9 Mallard Ct</Street><Street></Street><City>Litchfield</City><State>NH</State><PostalCode>03052</PostalCode><Country>US</Country></PostalAddress><Email>steve@accessp.com</Email><Phone name="work"><TelephoneNumber><CountryCode isoCountryCode="US">1</CountryCode><AreaOrCityCode>603</AreaOrCityCode><Number>315-0340</Number></TelephoneNumber></Phone></Address></ShipTo><Comments></Comments><Extrinsic name="OrderType"></Extrinsic><Extrinsic name="PurchaseOrderNumber"></Extrinsic><Extrinsic name="SessionId"></Extrinsic></OrderRequestHeader><ItemOut quantity="1"><ItemID><SupplierPartID>K001016</SupplierPartID><SupplierPartAuxiliaryID /></ItemID><ItemDetail><UnitPrice><Money currency="USD">16.27</Money></UnitPrice><Description xml:lang="en">GASKET TAPE 1/8" THICK, 83" LONG</Description><UnitOfMeasure /></ItemDetail></ItemOut></OrderRequest></Request></cXML>', 'new'),
(133, '2014-04-10 16:33:59', '20140410163205_0001_108035', '', 1, 'en', '14.18', '0.00', 'total', '0.00', NULL, 'ups', 'UPS Ground', '15.36', NULL, 'EC-6LT94874F7181680F', '5CS87332588991456', 'creditcard', '2014-04-10 15:33:49', 'Completed', '29.54', '<?xml version="1.0" encoding="utf-8"?><!DOCTYPE cXML SYSTEM "http://xml.cxml.org/schemas/cXML/1.2.014/cXML.dtd"><cXML xml:lang="en-US" payloadID="20140410163205_0001_108035" timestamp="2014-04-10T16:32:05-0600"><Request><OrderRequest><OrderRequestHeader orderID="20140410163205_0001_108035" orderDate="2014-04-10T16:32:05-0600"><Total><Money currency="USD">14.00</Money></Total><ShipTo><Address><Name xml:lang="en-US"></Name><PostalAddress><DeliverTo></DeliverTo><FullName>RICHARD PATTON</FullName><Street>12300 SAMPLE LN</Street><Street></Street><City>KINGSVILLE</City><State>MARYLAND</State><PostalCode>21087</PostalCode><Country>US</Country></PostalAddress><Email>TINARICKPATTON@NETZERO.COM</Email><Phone name="work"><TelephoneNumber><CountryCode isoCountryCode="US">1</CountryCode><AreaOrCityCode>410</AreaOrCityCode><Number>592-2153</Number></TelephoneNumber></Phone></Address></ShipTo><Comments></Comments><Extrinsic name="OrderType"></Extrinsic><Extrinsic name="PurchaseOrderNumber"></Extrinsic><Extrinsic name="SessionId"></Extrinsic></OrderRequestHeader><ItemOut quantity="1"><ItemID><SupplierPartID>K001021</SupplierPartID><SupplierPartAuxiliaryID /></ItemID><ItemDetail><UnitPrice><Money currency="USD">14.00</Money></UnitPrice><Description xml:lang="en">BRUSH KIT, INCLUDES CAPS, SET OF 2</Description><UnitOfMeasure /></ItemDetail></ItemOut></OrderRequest></Request></cXML>', 'new'),
(134, '2014-04-10 17:24:09', '20140410172259_0001_966982', '', 1, 'en', '13.13', '0.00', 'total', '2.28', '(8.00 % TAX)', 'ups', 'UPS Ground', '15.36', NULL, 'EC-83M97277CD971971A', '4A8335739S8054103', 'paypal', '2014-04-10 16:23:59', 'Completed', '30.77', '<?xml version="1.0" encoding="utf-8"?><!DOCTYPE cXML SYSTEM "http://xml.cxml.org/schemas/cXML/1.2.014/cXML.dtd"><cXML xml:lang="en-US" payloadID="20140410172259_0001_966982" timestamp="2014-04-10T17:22:59-0600"><Request><OrderRequest><OrderRequestHeader orderID="20140410172259_0001_966982" orderDate="2014-04-10T17:22:59-0600"><Total><Money currency="USD">13.13</Money></Total><ShipTo><Address><Name xml:lang="en-US"></Name><PostalAddress><DeliverTo></DeliverTo><FullName>Thomas Downing</FullName><Street>31 Summit Blvd</Street><Street></Street><City>Westhampton</City><State>NY</State><PostalCode>11977</PostalCode><Country>US</Country></PostalAddress><Email>skybound76@gmail.com</Email><Phone name="work"><TelephoneNumber><CountryCode isoCountryCode="US">1</CountryCode><AreaOrCityCode>631</AreaOrCityCode><Number>288-1460</Number></TelephoneNumber></Phone></Address></ShipTo><Comments></Comments><Extrinsic name="OrderType"></Extrinsic><Extrinsic name="PurchaseOrderNumber"></Extrinsic><Extrinsic name="SessionId"></Extrinsic></OrderRequestHeader><ItemOut quantity="1"><ItemID><SupplierPartID>K001254</SupplierPartID><SupplierPartAuxiliaryID /></ItemID><ItemDetail><UnitPrice><Money currency="USD">13.13</Money></UnitPrice><Description xml:lang="en">3043000 5/16" SHAFT SEAL</Description><UnitOfMeasure /></ItemDetail></ItemOut></OrderRequest></Request></cXML>', 'new'),
(135, '2014-04-12 11:43:40', '20140412110552_0001_972450', '', 1, 'en', '25.00', '0.00', 'total', '1.11', '(8.00 % TAX)', 'ups', 'UPS Ground', '12.30', NULL, 'EC-40V38909WP2022001', '19F122042N3615346', 'creditcard', '2014-04-12 10:43:27', 'Completed', '38.41', '<?xml version="1.0" encoding="utf-8"?><!DOCTYPE cXML SYSTEM "http://xml.cxml.org/schemas/cXML/1.2.014/cXML.dtd"><cXML xml:lang="en-US" payloadID="20140412110552_0001_972450" timestamp="2014-04-12T11:05:52-0600"><Request><OrderRequest><OrderRequestHeader orderID="20140412110552_0001_972450" orderDate="2014-04-12T11:05:52-0600"><Total><Money currency="USD">25.00</Money></Total><ShipTo><Address><Name xml:lang="en-US"></Name><PostalAddress><DeliverTo></DeliverTo><FullName>hui ru ruan</FullName><Street>1959  78 ST</Street><Street></Street><City>BROOKLYN</City><State>NEW YORKLYN</State><PostalCode>111214</PostalCode><Country>US</Country></PostalAddress><Email>KINGSCARALARM@YAHOO.COM</Email><Phone name="work"><TelephoneNumber><CountryCode isoCountryCode="US">1</CountryCode><AreaOrCityCode>646</AreaOrCityCode><Number>539-0201</Number></TelephoneNumber></Phone></Address></ShipTo><Comments></Comments><Extrinsic name="OrderType"></Extrinsic><Extrinsic name="PurchaseOrderNumber"></Extrinsic><Extrinsic name="SessionId"></Extrinsic></OrderRequestHeader><ItemOut quantity="1"><ItemID><SupplierPartID>K001010</SupplierPartID><SupplierPartAuxiliaryID /></ItemID><ItemDetail><UnitPrice><Money currency="USD">25.00</Money></UnitPrice><Description xml:lang="en">POWER CORD, 115V, 10 FOOT CORD</Description><UnitOfMeasure /></ItemDetail></ItemOut></OrderRequest></Request></cXML>', 'new'),
(136, '2014-04-14 20:05:10', '20140414200226_0001_092064', '', 1, 'en', '428.34', '0.00', 'total', '0.00', NULL, 'ups', 'UPS Standard to Canada', '26.75', NULL, 'EC-2PU79648VT1201142', '68M383753V514943X', 'creditcard', '2014-04-14 19:05:06', 'Completed', '455.09', '<?xml version="1.0" encoding="utf-8"?><!DOCTYPE cXML SYSTEM "http://xml.cxml.org/schemas/cXML/1.2.014/cXML.dtd"><cXML xml:lang="en-US" payloadID="20140414200226_0001_092064" timestamp="2014-04-14T20:02:26-0600"><Request><OrderRequest><OrderRequestHeader orderID="20140414200226_0001_092064" orderDate="2014-04-14T20:02:26-0600"><Total><Money currency="USD">428.34</Money></Total><ShipTo><Address><Name xml:lang="en-US"></Name><PostalAddress><DeliverTo></DeliverTo><FullName>Dean</FullName><Street>Swerdfeger</Street><Street></Street><City>Iroquois</City><State>ontario</State><PostalCode>K0E 1K0</PostalCode><Country>CA</Country></PostalAddress><Email>dswerdfeger@thirdhighfarms.ca</Email><Phone name="work"><TelephoneNumber><CountryCode isoCountryCode="US">1</CountryCode><AreaOrCityCode>613</AreaOrCityCode><Number>652-1387</Number></TelephoneNumber></Phone></Address></ShipTo><Comments></Comments><Extrinsic name="OrderType"></Extrinsic><Extrinsic name="PurchaseOrderNumber"></Extrinsic><Extrinsic name="SessionId"></Extrinsic></OrderRequestHeader><ItemOut quantity="3"><ItemID><SupplierPartID>K001139</SupplierPartID><SupplierPartAuxiliaryID /></ItemID><ItemDetail><UnitPrice><Money currency="USD">428.34</Money></UnitPrice><Description xml:lang="en">ROTARY CUTTER KIT</Description><UnitOfMeasure /></ItemDetail></ItemOut></OrderRequest></Request></cXML>', 'new'),
(137, '2014-04-17 10:53:11', '20140417105002_0001_810955', '', 1, 'en', '32.45', '0.00', 'total', '0.00', NULL, 'ups', 'UPS Ground', '16.65', NULL, 'EC-5SV58903BB4519445', '1XV54567CA263751E', 'creditcard', '2014-04-17 09:53:02', 'Completed', '49.10', '<?xml version="1.0" encoding="utf-8"?><!DOCTYPE cXML SYSTEM "http://xml.cxml.org/schemas/cXML/1.2.014/cXML.dtd"><cXML xml:lang="en-US" payloadID="20140417105002_0001_810955" timestamp="2014-04-17T10:50:02-0600"><Request><OrderRequest><OrderRequestHeader orderID="20140417105002_0001_810955" orderDate="2014-04-17T10:50:02-0600"><Total><Money currency="USD">32.45</Money></Total><ShipTo><Address><Name xml:lang="en-US"></Name><PostalAddress><DeliverTo></DeliverTo><FullName>Shawn Crawford</FullName><Street>12305 State Road</Street><Street></Street><City>Leslie</City><State>MI</State><PostalCode>49251</PostalCode><Country>US</Country></PostalAddress><Email>srcrawford@usa.net</Email><Phone name="work"><TelephoneNumber><CountryCode isoCountryCode="US">1</CountryCode><AreaOrCityCode>517</AreaOrCityCode><Number>712-0410</Number></TelephoneNumber></Phone></Address></ShipTo><Comments></Comments><Extrinsic name="OrderType"></Extrinsic><Extrinsic name="PurchaseOrderNumber"></Extrinsic><Extrinsic name="SessionId"></Extrinsic></OrderRequestHeader><ItemOut quantity="1"><ItemID><SupplierPartID>K001089</SupplierPartID><SupplierPartAuxiliaryID /></ItemID><ItemDetail><UnitPrice><Money currency="USD">32.45</Money></UnitPrice><Description xml:lang="en">SWITCH KIT</Description><UnitOfMeasure /></ItemDetail></ItemOut></OrderRequest></Request></cXML>', 'new'),
(138, '2014-04-17 17:56:56', '20140417174944_0001_181969', '', 1, 'en', '19.81', '0.00', 'total', '0.36', '(8.00 % TAX)', 'ups', 'UPS 3 Day Select®', '15.93', NULL, 'EC-3KR644371U346150C', '1TK91241KX869812J', 'creditcard', '2014-04-17 16:56:47', 'Completed', '36.10', '<?xml version="1.0" encoding="utf-8"?><!DOCTYPE cXML SYSTEM "http://xml.cxml.org/schemas/cXML/1.2.014/cXML.dtd"><cXML xml:lang="en-US" payloadID="20140417174944_0001_181969" timestamp="2014-04-17T17:49:44-0600"><Request><OrderRequest><OrderRequestHeader orderID="20140417174944_0001_181969" orderDate="2014-04-17T17:49:44-0600"><Total><Money currency="USD">19.81</Money></Total><ShipTo><Address><Name xml:lang="en-US"></Name><PostalAddress><DeliverTo></DeliverTo><FullName>Lee J Shultz</FullName><Street>1341 Route 52</Street><Street></Street><City>Carmel</City><State>NY</State><PostalCode>10512</PostalCode><Country>US</Country></PostalAddress><Email>BobsGarageInc@aol.com</Email><Phone name="work"><TelephoneNumber><CountryCode isoCountryCode="US">1</CountryCode><AreaOrCityCode>845</AreaOrCityCode><Number>878-9873</Number></TelephoneNumber></Phone></Address></ShipTo><Comments></Comments><Extrinsic name="OrderType"></Extrinsic><Extrinsic name="PurchaseOrderNumber"></Extrinsic><Extrinsic name="SessionId"></Extrinsic></OrderRequestHeader><ItemOut quantity="1"><ItemID><SupplierPartID>K001023</SupplierPartID><SupplierPartAuxiliaryID /></ItemID><ItemDetail><UnitPrice><Money currency="USD">19.81</Money></UnitPrice><Description xml:lang="en">IMPELLER KIT, INCLUDES SHAFT CAP, COVER SEAL AND COVER SCREWS</Description><UnitOfMeasure /></ItemDetail></ItemOut></OrderRequest></Request></cXML>', 'new'),
(139, '2014-04-18 18:18:01', '20140417174944_0001_181970', '', 1, 'en', '19.81', '0.00', 'total', '2.86', '(8.00 % TAX)', 'ups', 'UPS 3 Day Select®', '15.93', NULL, 'EC-2E960129AV2131548', '4FC02666972394629', 'paypal', '2014-04-18 08:18:04', 'Completed', '38.60', '<?xml version="1.0" encoding="utf-8"?>\r\n<!DOCTYPE cXML SYSTEM "http://xml.cxml.org/schemas/cXML/1.2.014/cXML.dtd"[]>\r\n<cXML xml:lang="en-US" payloadID="20140417174944_0001_181970" timestamp="2014-04-17T17:49:44-0600">\r\n    <Request>\r\n        <OrderRequest>\r\n            <OrderRequestHeader orderID="20140417174944_0001_181970" orderDate="2014-04-17T17:49:44-0600">\r\n                <Total>\r\n                    <Money currency="USD">19.81</Money>\r\n                </Total>\r\n                <ShipTo>\r\n                    <Address>\r\n                        <Name xml:lang="en-US">\r\n                        </Name>\r\n                        <PostalAddress>\r\n                            <DeliverTo>\r\n                            </DeliverTo>\r\n                            <FullName>Lee J Shultz</FullName>\r\n                            <Street>1341 Route 52</Street>\r\n                            <Street>\r\n                            </Street>\r\n                            <City>Carmel</City>\r\n                            <State>NY</State>\r\n                            <PostalCode>10512</PostalCode>\r\n                            <Country>US</Country>\r\n                        </PostalAddress>\r\n                        <Email>razor@ua.sysonline.com</Email>\r\n                        <Phone name="work">\r\n                            <TelephoneNumber>\r\n                                <CountryCode isoCountryCode="US">1</CountryCode>\r\n                                <AreaOrCityCode>845</AreaOrCityCode>\r\n                                <Number>878-9873</Number>\r\n                            </TelephoneNumber>\r\n                        </Phone>\r\n                    </Address>\r\n                </ShipTo>\r\n                <Comments>\r\n                </Comments>\r\n                <Extrinsic name="OrderType">\r\n                </Extrinsic>\r\n                <Extrinsic name="PurchaseOrderNumber">\r\n                </Extrinsic>\r\n                <Extrinsic name="SessionId">\r\n                </Extrinsic>\r\n            </OrderRequestHeader>\r\n            <ItemOut quantity="1">\r\n                <ItemID>\r\n                    <SupplierPartID>K001023</SupplierPartID>\r\n                    <SupplierPartAuxiliaryID />\r\n                </ItemID>\r\n                <ItemDetail>\r\n                    <UnitPrice>\r\n                        <Money currency="USD">19.81</Money>\r\n                    </UnitPrice>\r\n                    <Description xml:lang="en">IMPELLER KIT, INCLUDES SHAFT CAP, COVER SEAL AND COVER SCREWS</Description>\r\n                    <UnitOfMeasure />\r\n                </ItemDetail>\r\n            </ItemOut>\r\n        </OrderRequest>\r\n    </Request>\r\n</cXML>', 'new'),
(140, '2014-04-18 19:12:55', '20140417174944_0001_181971', '', 1, 'en', '19.81', '0.00', 'total', '2.86', '(8.00 % TAX)', 'ups', 'UPS 3 Day Select®', '15.93', NULL, 'EC-43U93431Y0758893W', '4NR32370HH830743P', 'paypal', '2014-04-18 09:12:57', 'Completed', '38.60', '<?xml version="1.0" encoding="utf-8"?>\r\n<!DOCTYPE cXML SYSTEM "http://xml.cxml.org/schemas/cXML/1.2.014/cXML.dtd"[]>\r\n<cXML xml:lang="en-US" payloadID="20140417174944_0001_181971" timestamp="2014-04-17T17:49:44-0600">\r\n    <Request>\r\n        <OrderRequest>\r\n            <OrderRequestHeader orderID="20140417174944_0001_181971" orderDate="2014-04-17T17:49:44-0600">\r\n                <Total>\r\n                    <Money currency="USD">19.81</Money>\r\n                </Total>\r\n                <ShipTo>\r\n                    <Address>\r\n                        <Name xml:lang="en-US">\r\n                        </Name>\r\n                        <PostalAddress>\r\n                            <DeliverTo>\r\n                            </DeliverTo>\r\n                            <FullName>Lee J Shultz</FullName>\r\n                            <Street>1341 Route 52</Street>\r\n                            <Street>\r\n                            </Street>\r\n                            <City>Carmel</City>\r\n                            <State>NY</State>\r\n                            <PostalCode>10512</PostalCode>\r\n                            <Country>US</Country>\r\n                        </PostalAddress>\r\n                        <Email>razor@ua.sysonline.com</Email>\r\n                        <Phone name="work">\r\n                            <TelephoneNumber>\r\n                                <CountryCode isoCountryCode="US">1</CountryCode>\r\n                                <AreaOrCityCode>845</AreaOrCityCode>\r\n                                <Number>878-9873</Number>\r\n                            </TelephoneNumber>\r\n                        </Phone>\r\n                    </Address>\r\n                </ShipTo>\r\n                <Comments>\r\n                </Comments>\r\n                <Extrinsic name="OrderType">\r\n                </Extrinsic>\r\n                <Extrinsic name="PurchaseOrderNumber">\r\n                </Extrinsic>\r\n                <Extrinsic name="SessionId">\r\n                </Extrinsic>\r\n            </OrderRequestHeader>\r\n            <ItemOut quantity="1">\r\n                <ItemID>\r\n                    <SupplierPartID>K001023</SupplierPartID>\r\n                    <SupplierPartAuxiliaryID />\r\n                </ItemID>\r\n                <ItemDetail>\r\n                    <UnitPrice>\r\n                        <Money currency="USD">19.81</Money>\r\n                    </UnitPrice>\r\n                    <Description xml:lang="en">IMPELLER KIT, INCLUDES SHAFT CAP, COVER SEAL AND COVER SCREWS</Description>\r\n                    <UnitOfMeasure />\r\n                </ItemDetail>\r\n            </ItemOut>\r\n        </OrderRequest>\r\n    </Request>\r\n</cXML>', 'new');

-- --------------------------------------------------------

--
-- Table structure for table `orders_archive`
--

DROP TABLE IF EXISTS `orders_archive`;
CREATE TABLE IF NOT EXISTS `orders_archive` (
  `id` int(10) unsigned NOT NULL AUTO_INCREMENT,
  `order_date` timestamp NOT NULL DEFAULT CURRENT_TIMESTAMP,
  `payload_id` varchar(30) DEFAULT NULL,
  `number` varchar(30) DEFAULT NULL,
  `price_type_id` int(10) unsigned NOT NULL,
  `language_code` varchar(3) NOT NULL,
  `subtotal` decimal(10,2) DEFAULT NULL,
  `handling` decimal(10,2) DEFAULT NULL,
  `shipping_tax_mode` enum('merchandise','total') DEFAULT NULL,
  `shipping_tax` decimal(10,2) DEFAULT NULL,
  `shipping_tax_description` varchar(255) DEFAULT NULL,
  `shipping_type` varchar(255) DEFAULT NULL,
  `shipping_method` varchar(255) DEFAULT NULL,
  `shipping_cost` decimal(10,2) DEFAULT NULL,
  `shipping_instructions` text,
  `token` varchar(20) DEFAULT NULL,
  `transaction_id` varchar(19) DEFAULT NULL,
  `payment_type` enum('paypal','creditcard') DEFAULT NULL,
  `payment_date` datetime DEFAULT NULL,
  `payment_status` varchar(20) DEFAULT NULL,
  `total` decimal(10,2) DEFAULT NULL,
  `xml_data` text,
  `status` enum('new','processed') NOT NULL DEFAULT 'new',
  PRIMARY KEY (`id`)
) ENGINE=InnoDB DEFAULT CHARSET=utf8 AUTO_INCREMENT=1 ;

--
-- Dumping data for table `orders_archive`
--


-- --------------------------------------------------------

--
-- Table structure for table `order_items`
--

DROP TABLE IF EXISTS `order_items`;
CREATE TABLE IF NOT EXISTS `order_items` (
  `id` int(10) unsigned NOT NULL AUTO_INCREMENT,
  `order_id` int(10) unsigned NOT NULL,
  `part_id` int(10) unsigned NOT NULL,
  `quantity` tinyint(4) NOT NULL,
  `uom` varchar(255) DEFAULT NULL,
  `price` decimal(10,2) NOT NULL,
  PRIMARY KEY (`id`)
) ENGINE=InnoDB  DEFAULT CHARSET=utf8 AUTO_INCREMENT=352 ;

--
-- Dumping data for table `order_items`
--

INSERT INTO `order_items` (`id`, `order_id`, `part_id`, `quantity`, `uom`, `price`) VALUES
(260, 73, 3, 1, NULL, '15.22'),
(267, 76, 4, 1, NULL, '0.35'),
(268, 77, 386, 1, NULL, '0.81'),
(269, 78, 246, 1, NULL, '23.90'),
(270, 79, 268, 2, NULL, '12.56'),
(271, 79, 262, 1, NULL, '16.27'),
(273, 80, 331, 1, NULL, '73.76'),
(274, 81, 49, 1, NULL, '15.87'),
(275, 82, 150, 1, NULL, '64.00'),
(276, 83, 6, 4, NULL, '9.59'),
(277, 84, 246, 1, NULL, '23.90'),
(278, 85, 206, 1, NULL, '44.00'),
(279, 86, 345, 1, NULL, '19.81'),
(280, 87, 331, 1, NULL, '73.76'),
(281, 88, 348, 1, NULL, '41.12'),
(282, 89, 150, 1, NULL, '64.00'),
(283, 90, 324, 1, NULL, '58.06'),
(284, 91, 344, 1, NULL, '13.13'),
(285, 91, 345, 1, NULL, '19.81'),
(287, 92, 40, 1, NULL, '103.06'),
(288, 93, 346, 1, NULL, '10.23'),
(289, 94, 174, 1, NULL, '50.37'),
(290, 94, 382, 2, NULL, '0.36'),
(291, 94, 171, 1, NULL, '96.11'),
(292, 94, 172, 1, NULL, '19.64'),
(296, 95, 348, 1, NULL, '41.12'),
(297, 96, 167, 1, NULL, '11.22'),
(298, 97, 345, 1, NULL, '19.81'),
(299, 98, 49, 2, NULL, '15.87'),
(300, 99, 157, 1, NULL, '2.00'),
(301, 99, 151, 1, NULL, '172.00'),
(303, 100, 88, 2, NULL, '142.78'),
(304, 101, 47, 1, NULL, '15.63'),
(305, 102, 345, 1, NULL, '19.81'),
(306, 103, 344, 2, NULL, '13.13'),
(307, 104, 195, 1, NULL, '13.62'),
(308, 104, 184, 1, NULL, '0.38'),
(309, 104, 189, 1, NULL, '6.43'),
(310, 105, 348, 1, NULL, '41.12'),
(311, 106, 49, 1, NULL, '15.87'),
(312, 107, 163, 1, NULL, '14.00'),
(313, 108, 343, 1, NULL, '14.18'),
(314, 109, 183, 1, NULL, '40.08'),
(315, 110, 193, 2, NULL, '26.94'),
(316, 111, 246, 2, NULL, '23.90'),
(317, 112, 345, 1, NULL, '19.81'),
(318, 112, 343, 1, NULL, '14.18'),
(320, 113, 345, 1, NULL, '19.81'),
(321, 114, 246, 1, NULL, '23.90'),
(322, 115, 15, 1, NULL, '25.00'),
(323, 116, 142, 1, NULL, '55.00'),
(324, 117, 228, 1, NULL, '50.50'),
(325, 118, 239, 1, NULL, '47.02'),
(326, 118, 241, 1, NULL, '49.00'),
(328, 119, 387, 1, NULL, '53.00'),
(329, 119, 293, 1, NULL, '15.21'),
(331, 120, 14, 1, NULL, '5.31'),
(332, 121, 174, 1, NULL, '50.37'),
(333, 122, 293, 1, NULL, '15.21'),
(334, 123, 348, 1, NULL, '41.12'),
(335, 124, 347, 1, NULL, '17.83'),
(336, 125, 183, 1, NULL, '40.08'),
(337, 126, 23, 2, NULL, '15.29'),
(338, 127, 153, 1, NULL, '244.00'),
(339, 128, 331, 1, NULL, '73.76'),
(340, 129, 345, 1, NULL, '19.81'),
(341, 130, 162, 2, NULL, '17.56'),
(342, 131, 312, 1, NULL, '342.00'),
(343, 132, 262, 1, NULL, '16.27'),
(344, 133, 343, 1, NULL, '14.18'),
(345, 134, 344, 1, NULL, '13.13'),
(346, 135, 15, 1, NULL, '25.00'),
(347, 136, 88, 3, NULL, '142.78'),
(348, 137, 226, 1, NULL, '32.45'),
(349, 138, 345, 1, NULL, '19.81'),
(350, 139, 345, 1, NULL, '19.81'),
(351, 140, 345, 1, NULL, '19.81');

-- --------------------------------------------------------

--
-- Table structure for table `order_items_archive`
--

DROP TABLE IF EXISTS `order_items_archive`;
CREATE TABLE IF NOT EXISTS `order_items_archive` (
  `id` int(10) unsigned NOT NULL AUTO_INCREMENT,
  `order_archive_id` int(10) unsigned NOT NULL,
  `part_id` int(10) unsigned NOT NULL,
  `quantity` tinyint(4) NOT NULL,
  `uom` varchar(255) DEFAULT NULL,
  `price` decimal(10,2) NOT NULL,
  PRIMARY KEY (`id`)
) ENGINE=InnoDB DEFAULT CHARSET=utf8 AUTO_INCREMENT=1 ;

--
-- Dumping data for table `order_items_archive`
--


-- --------------------------------------------------------

--
-- Table structure for table `order_shipping_details`
--

DROP TABLE IF EXISTS `order_shipping_details`;
CREATE TABLE IF NOT EXISTS `order_shipping_details` (
  `id` int(10) unsigned NOT NULL AUTO_INCREMENT,
  `order_id` int(10) unsigned NOT NULL,
  `address1` varchar(255) DEFAULT NULL,
  `address2` varchar(255) DEFAULT NULL,
  `city` varchar(255) DEFAULT NULL,
  `postal_code` varchar(255) DEFAULT NULL,
  `country_code` varchar(2) DEFAULT NULL,
  `state_code` varchar(2) DEFAULT NULL,
  `full_name` varchar(255) DEFAULT NULL,
  `email` varchar(255) DEFAULT NULL,
  `phone` varchar(255) DEFAULT NULL,
  PRIMARY KEY (`id`)
) ENGINE=InnoDB  DEFAULT CHARSET=utf8 AUTO_INCREMENT=141 ;

--
-- Dumping data for table `order_shipping_details`
--

INSERT INTO `order_shipping_details` (`id`, `order_id`, `address1`, `address2`, `city`, `postal_code`, `country_code`, `state_code`, `full_name`, `email`, `phone`) VALUES
(73, 73, '9497 Warsaw Rd.', '', 'LeRoy', '14482', 'US', 'NY', 'Peter Cunningham', 'peter.cunningham@libertypumps.com', '585-502-5113'),
(76, 76, 'My Street IS', '', 'City of culture', '14482', 'US', 'NY', 'Peter Cunningham', 'peter.cunningham@libertypumps.com', '585-502-5113'),
(77, 77, '9497 Warsaw', '', 'Bergen', '14416', 'US', 'NY', 'Peter Cunningham', 'peter.cunningham@libertypumps.com', '585-502-5113'),
(78, 78, '201 KOEHLER RD.', '', 'MARTINSVILLE', '24112', 'US', 'VA', 'BOXLEY c/o WILLIAM MARTIN', 'WMARTIN@BOXLEY.COM', '276-340-9771'),
(79, 79, '1062 Banfield Rd', '', 'Portsmouth', '03801', 'US', 'NH', 'David Goulet', 'Deepatsea@comcast.net', '603-828-9139'),
(80, 80, '4625 deep river rd', '', 'sanford', '27330', 'US', 'NC', 'darrell stanley', 'darrell.stanley@thepantry.com', '919-728-7008'),
(81, 81, '100 N Church Road', '', 'Bensenville', '60106', 'US', 'IL', 'Karolee Beer', 'kmatrisicano@aol.com', '630-250-1225'),
(82, 82, '790 Foxcroft Trail SE', '', 'Marietta', '30067', 'US', 'GA', 'Jamie Ashley', 'jamieashley07@gmail.com', '678-744-4296'),
(83, 83, '3400 Bungalow Rd', '', 'Morris', '60450', 'US', 'IL', 'Lyle Krumviede', 'lyle.krumviede@oldcastle.com', '815-416-0149'),
(84, 84, '4 chantey lane', '', 'penobscot', '04476', 'US', 'ME', 'brent hafford', 'bhafford.corinnasewer@tdstelme.net', '20-747-81498'),
(85, 85, '20 FRANCISCO AVE', '', 'LITTLE FALLS', '07424', 'US', 'NJ', 'STORY ELECTRIC MOTOR REPAIR CO INC', 'STORYLINDA@AOL.COM', '973-256-1636'),
(86, 86, '207 nickleplate ave', '', 'Valparaiso', '46383', 'US', 'IN', 'michael Barnett', 'mikeb@rphnwi.com', '219-707-8888'),
(87, 87, '948 Elm St', '', 'San Carlos', '94070', 'US', 'CA', 'Michael Shevekov', 'mshevekov@gmail.com', '650-302-1899'),
(88, 88, '120 West Hampton Ave.', '', 'Capitol Heights', '20743', 'US', 'MD', 'RM Thornton Mechanical', 'jharrison@rmthornton.com', '301-350-5000'),
(89, 89, '875 S14th Street', '', 'Adel', '50003', 'US', 'IA', 'Tom Fuller', 'twfpetro@aol.com', '515-240-5812'),
(90, 90, '400 main street', '', 'bellwood', '16617', 'US', 'PA', 'Ben Irvin', 'benirvin88@yahoo.com', '814-822-2000'),
(91, 91, '327 West Saddle River Rd', '', 'Upper Saddle River', '07458', 'US', 'NJ', 'Lou Capuano', 'Capuanoplumbing@verizon.net', '201-327-1922'),
(92, 92, 'City of Lufkin Wastewater Treatment', '3510 Southwood Dr', 'Lufkin', '75904', 'US', 'TX', 'Kirk DeVore', 'kdevore@cityoflufkin.com', '936-240-7469'),
(93, 93, '501 Prospect  st.', '104B', 'Lakewood', '08701', 'US', 'NJ', 'Henry Davidowitz', 'Henry@lakewoodmatzoh.com', '732-364-8757'),
(94, 94, '51 Forest Street', '', 'Manchester', '01944', 'US', 'MA', 'Stephen Hamilton', 'shamilt@wested.org', '978-808-0687'),
(95, 95, '633 Hamilton Rd', '', 'Wenonah', '08090', 'US', 'NJ', 'Andrew Hudson', 'ahudson05@gmail.com', '856-468-1655'),
(96, 96, '8255 Wabasis Avenue', '', 'Rockford', '49341', 'US', 'MI', 'Megan Senica', 'roxy7701@aol.com', '616-299-2267'),
(97, 97, '1563 Treanor', '', 'Saginaw', '48601', 'US', 'MI', 'Nick Weycker', 'nweycker@williamewalter.com', '810-347-8852'),
(98, 98, '225 Mount Hamilton Ave', '', 'Los Altos', '94022', 'US', 'CA', 'Suresh Krishna', 'suresh_krishna@runbox.com', '650-947-9235'),
(99, 99, '1231N State St', '', 'North Vernon', '47265', 'US', 'IN', 'Aaron Bright', 'abright@isubright.com', '812-592-1138'),
(100, 100, '12 Bath Rd,', '', 'Iroquois', 'K0E 1K0', 'CA', '', 'Dean Swerdfeger', 'dswerdfeger@thirdhighfarms.ca', '613-802-9106'),
(101, 101, 'pob # 263', '', 'Ford', '99013', 'US', 'WA', 'Jeffrey S. Duncan', 'jduncan@johannabeverage.com', '509-590-8491'),
(102, 102, '932 4th ave', '', 'Neptune city', '07753', 'US', 'NJ', 'John Kelly Mechcanial contractors', 'jkmc2013@yahoo.com', '732-492-3556'),
(103, 103, '211 Collins Rd', '', 'Jefferson', '53549', 'US', 'WI', 'Tracy Jones', 'tracy.jones@amscnc.com', '920-675-2032'),
(104, 104, '110 Pleasant Pkwy.', '', 'Buffalo', '14206', 'US', 'NY', 'John Thomas', 'coldspot64@hotmail.com', '716-704-5563'),
(105, 105, '1488 E. Main St.', '', 'Center Conway', '03813', 'US', 'NH', 'Anchor Plumbing & Heating', 'anchorplumbingnh@gmail.com', '603-447-6072'),
(106, 106, '3514 Palmer Road', '', 'Ransomville', '14131', 'US', 'NY', 'William J. Cox III', 'bcox@preciousplate.com', '716-807-5268'),
(107, 107, '4131 Heuvelmans rd.', '', 'Ottawa', 'K4B1J1', 'CA', '', 'Andrew Bartlett', 'gilli_andrew@hotmail.com', '613-859-3513'),
(108, 108, '3921 hwy 105 south', '', 'Hardinsburg', '40143', 'US', 'KY', 'Sam galloway', 'sam.gallowak@yahoo.com', '270-668-9934'),
(109, 109, '7737 Forest Creek Ct.', '', 'Maumee', '43537', 'US', 'OH', 'Robert Siler', 'rjs0293@yahoo.com', '419-357-1811'),
(110, 110, '65 Bruington Lane', '', 'Hardinsburg', '40143', 'US', 'KY', 'Danny Pierce', 'dannypierce47@yahoo.com', '270-756-2807'),
(111, 111, '201 Koehler Rd', '', 'Martinsville', '24112', 'US', 'VA', 'Harold Martin', 'wmartin@boxley.com', '276-340-9771'),
(112, 112, '260 SW 21 TERR', '', 'FORT LAUDERDALE', '33312', 'US', 'FL', 'PATRICK KEATING', 'PATRICK.KEATING@PARADISESERVICES.BIZ', '954-563-0110'),
(113, 113, '5440 E. Commerce Ave # E', '', 'Flagstaff', '86004', 'US', 'AZ', 'Fix Enterprises LLC dba Roto Rooter', 'rotorooterflag@qwestoffice.net', '928-853-3919'),
(114, 114, '79 Brasley ave', '', 'Glenburn', '04401', 'US', 'ME', 'Richard Merrill', 'ramduc@hotmail.com', '207-947-4834'),
(115, 115, '2404 West Highway 30', '', 'Denison', '51442', 'US', 'IA', 'Joseph Mefferd', 'joe_mefferd@andersonsinc.com', '712-263-7065'),
(116, 116, '603 W Washington St', '', 'Urbana', '61801', 'US', 'IL', 'Christopher Lehman', 'chris@streetleveldoppler.com', '217-333-0039'),
(117, 117, '37735 enterprise ct', 'suite 300', 'farmington hills', '48331', 'US', 'MI', 'freddy choi', 'freddchoi@yahoo.com', '248-536-0146'),
(118, 118, '4662 Helpert Ct', '', 'Pleasanton', '94588', 'US', 'CA', 'George Grenley', 'grenley@plans2reality.com', '925-200-6667'),
(119, 119, '540 Johnsons Mill Rd.', '', 'Berkeley Springs', '25411', 'US', 'WV', 'Justin Litten', 'low4lifej@frontier.com', '304-268-3734'),
(120, 120, '106 Ramsdell St.', '', 'New Haven', '06515', 'US', 'CT', 'Camille Keeler', 'camille.keeler@gmail.com', '203-285-0607'),
(121, 121, '17960 Gearhart Rd', '', 'Sidney', '45365', 'US', 'OH', 'Kevin Oakleaf', 'oakleaf100@yahoo.com', '419-618-2638'),
(122, 122, '166-28 15th Drive', '', 'Whitestone', '11357-2937', 'US', 'NY', 'Richard Leong', 'kaidoy888@hotmail.com', '917-541-2801'),
(123, 123, '1623 Military RD', 'BOX 173', 'Niagara Falls', '14304', 'US', 'NY', 'Jeff Curtis', 'cinjeff@cogeco.ca', '905-938-1738'),
(124, 124, '3365 Rt.9', '', 'Cold Spring', '10516', 'US', 'NY', 'Chris Welch', 'cwelsh@twebber.com', '845-265-1400'),
(125, 125, '2315 whirlpool st ste.740', '', 'niagara falls', '14305', 'US', 'NY', 'marty mazzarella', 'marty@royallepage.ca', '905-687-4567'),
(126, 126, '6274 Sellers st', '', 'Ottawa Lake', '49267', 'US', 'MI', 'Ryan Kemp', 'ryankemps@yahoo.com', '419-466-0792'),
(127, 127, '370 pond lick rd', '', 'morehead', '40351', 'US', 'KY', 'kenneth r porter', 'kronporter@windstream.net', '606-784-6529'),
(128, 128, '17100 Medina Rd Ste 800', '', 'Plymouth', '55447', 'US', 'MN', 'Todd Fischer', 'akuhns@northstarballoons.com', '763-331-3632'),
(129, 129, '7041 28th Street', '', 'North Highlands', '95660', 'US', 'CA', 'Dylan Miller', 'JMDylan@gmail.com', '916-410-0994'),
(130, 130, '28 Hillcrest Drive', '', 'Ashford', '06278', 'US', 'CT', 'Gary Caye', 'meeverhart@hotmail.com', '860-429-8145'),
(131, 131, '1642 Powers Ferry Road', 'Suite 250', 'Marietta', '30067', 'US', 'GA', 'Kerri Wells', 'kerri@macallangroup.com', '404-603-8833'),
(132, 132, '9 Mallard Ct', '', 'Litchfield', '03052', 'US', 'NH', 'Stephen Moland', 'steve@accessp.com', '603-315-0340'),
(133, 133, '12300 SAMPLE LN', '', 'KINGSVILLE', '21087', 'US', 'MD', 'RICHARD PATTON', 'TINARICKPATTON@NETZERO.COM', '410-592-2153'),
(134, 134, '31 Summit Blvd', '', 'Westhampton', '11977', 'US', 'NY', 'Thomas Downing', 'skybound76@gmail.com', '631-288-1460'),
(135, 135, '1959  78 ST', '', 'BROOKLYN', '111214', 'US', 'NY', 'hui ru ruan', 'KINGSCARALARM@YAHOO.COM', '646-539-0201'),
(136, 136, 'Swerdfeger', '', 'Iroquois', 'K0E 1K0', 'CA', '', 'Dean', 'dswerdfeger@thirdhighfarms.ca', '613-652-1387'),
(137, 137, '12305 State Road', '', 'Leslie', '49251', 'US', 'MI', 'Shawn Crawford', 'srcrawford@usa.net', '517-712-0410'),
(138, 138, '1341 Route 52', '', 'Carmel', '10512', 'US', 'NY', 'Lee J Shultz', 'BobsGarageInc@aol.com', '845-878-9873'),
(139, 139, '1341 Route 52', '', 'Carmel', '10512', 'US', 'NY', 'Lee J Shultz', 'razor@ua.sysonline.com', '845-878-9873'),
(140, 140, '1341 Route 52', '', 'Carmel', '10512', 'US', 'NY', 'Lee J Shultz', 'razor@ua.sysonline.com', '845-878-9873');

-- --------------------------------------------------------

--
-- Table structure for table `order_shipping_details_archive`
--

DROP TABLE IF EXISTS `order_shipping_details_archive`;
CREATE TABLE IF NOT EXISTS `order_shipping_details_archive` (
  `id` int(10) unsigned NOT NULL AUTO_INCREMENT,
  `order_archive_id` int(10) unsigned NOT NULL,
  `full_name` varchar(255) DEFAULT NULL,
  `address1` varchar(255) DEFAULT NULL,
  `address2` varchar(255) DEFAULT NULL,
  `city` varchar(255) DEFAULT NULL,
  `postal_code` varchar(255) DEFAULT NULL,
  `country_code` varchar(2) DEFAULT NULL,
  `state_code` varchar(2) DEFAULT NULL,
  `email` varchar(255) DEFAULT NULL,
  `phone` varchar(255) DEFAULT NULL,
  PRIMARY KEY (`id`)
) ENGINE=InnoDB DEFAULT CHARSET=utf8 AUTO_INCREMENT=1 ;

--
-- Dumping data for table `order_shipping_details_archive`
--


-- --------------------------------------------------------

--
-- Table structure for table `parts`
--

DROP TABLE IF EXISTS `parts`;
CREATE TABLE IF NOT EXISTS `parts` (
  `id` int(10) unsigned NOT NULL AUTO_INCREMENT,
  `code` varchar(255) NOT NULL,
  `pounds` decimal(10,1) DEFAULT NULL,
  `ounces` varchar(7) DEFAULT NULL,
  `width` varchar(7) DEFAULT NULL,
  `height` varchar(7) DEFAULT NULL,
  `length` varchar(7) DEFAULT NULL,
  `separate_box` tinyint(1) NOT NULL DEFAULT '0',
  `items_per_box` tinyint(4) NOT NULL DEFAULT '1',
  PRIMARY KEY (`id`)
) ENGINE=InnoDB  DEFAULT CHARSET=utf8 AUTO_INCREMENT=388 ;

--
-- Dumping data for table `parts`
--

INSERT INTO `parts` (`id`, `code`, `pounds`, `ounces`, `width`, `height`, `length`, `separate_box`, `items_per_box`) VALUES
(1, 'K001046', '0.1', '0', '4', '.25', '7', 0, 1),
(2, '8018000', '0.1', '0', '2', '2', '2', 0, 1),
(3, 'K001036', '1.0', '0', '5.25', '1', '5.25', 0, 1),
(4, '8091000', '0.5', '0', '2', '2', '2', 0, 1),
(5, 'K001080', '2.0', '0', '12', '3', '15', 0, 1),
(6, 'K001331', '0.3', '', '7', '.75', '10', 0, 1),
(7, '8014000', '0.1', '0', '4', '.5', '7', 0, 1),
(8, '240600B', '0.4', '0', '5.5', '2', '7', 0, 1),
(9, '8089000', '0.8', '0', '1', '.5', '1', 0, 1),
(10, '8072000', '0.1', '0', '.5', '1', '.5', 0, 1),
(11, '240700B', '0.4', '0', '5.5', '2', '7', 0, 1),
(12, '8104200', '0.1', '0', '.5', '1', '.5', 0, 1),
(13, 'K001082', '1.0', '0', '4', '.5', '7', 0, 1),
(14, '2502000', '0.5', '0', '5.5', '1', '5.5', 0, 1),
(15, 'K001010', '1.0', '0', '15', '3', '12', 0, 1),
(16, '8082000', '0.1', '0', '2', '2', '2', 0, 1),
(17, 'K001008', '2.0', '0', '15', '3', '12', 0, 1),
(18, '8105000', '0.3', '0', '3', '3', '3', 0, 1),
(19, 'K001119', '2.5', '0', '15', '3', '12', 0, 1),
(20, 'K001054', '1.5', '0', '15', '3', '12', 0, 1),
(21, 'K001048', '1.0', '0', '10', '1.75', '7', 0, 1),
(22, '206500B', '0.4', '0', '5.5', '2.75', '7', 0, 1),
(23, 'K001012', '0.4', '0', '4', '4', '4', 0, 1),
(24, 'K001069', '1.0', '0', '10', '2', '7', 0, 1),
(25, '5611000', '0.2', '0', '3', '3', '3', 0, 1),
(26, '8037000', '0.1', '0', '2', '2', '2', 0, 1),
(27, '8033000', '0.0', '0', '2', '2', '2', 0, 1),
(28, '8103000', '0.0', '0', '2', '2', '2', 0, 1),
(29, '5618000', '1.0', '0', '3', '3', '3', 0, 1),
(30, '5613000', '0.3', '0', '6', '4', '1.25', 0, 1),
(31, '5071000', '0.8', '0', '2', '2', '2', 0, 1),
(32, '8064000', '0.0', '0', '2', '2', '2', 0, 1),
(33, '5630000', '0.0', '0', '2', '2', '2', 0, 1),
(34, 'K001216', '1.0', '0', '7', '1.75', '4', 0, 1),
(35, 'K001140', '5.0', '0', '15', '2', '12', 0, 1),
(36, 'K001221', '3.0', '0', '5', '1', '6', 0, 1),
(37, 'K001228', '0.5', '0', '4', '4', '4', 0, 1),
(38, 'K001227', '0.5', '0', '4', '4', '4', 0, 1),
(39, 'K001229', '0.5', '0', '2', '1', '1', 0, 1),
(40, 'K001150', '5.0', '0', '8', '10', '10', 0, 1),
(41, 'K001222', '2.5', '0', '5', '1', '6', 0, 1),
(42, '240700G', '1.0', '0', '4', '2.25', '3.5', 0, 1),
(43, '24030A0', '0.4', '0', '4.75', '0.25', '4.5', 0, 1),
(44, '8092000', '0.0', '0', '2', '2', '2', 0, 1),
(45, '25020A0', '0.1', '0', '3', '3', '3', 0, 1),
(46, '2416000', '0.8', '0', '3', '0.75', '3', 0, 1),
(47, '233600B', '1.1', '0', '9.5', '1.75', '7', 0, 1),
(48, 'K001329', '2.0', '0', '3.25', '2', '4.5', 0, 1),
(49, 'K001330', '1.0', '0', '4', '4', '4', 0, 1),
(50, 'K001332', '2.0', '0', '6', '4', '8', 0, 1),
(51, '2414000', '0.4', '0', '5', '0.5', '5', 0, 1),
(52, 'K001091', '1.0', '0', '3.5', '0.75', '3.5', 0, 1),
(53, 'K001050', '1.0', '0', '10', '1.75', '7', 0, 1),
(54, 'K001349', '0.2', '0', '5.5', '0.75', '5.5', 0, 1),
(55, 'K001350', '1.0', '0', '2', '3.25', '2', 0, 1),
(56, 'K001351', '0.2', '0', '4', '1', '4', 0, 1),
(57, '5014000', '1.0', '0', '2.5', '2', '2.5', 0, 1),
(58, '5070000', '0.0', '0', '0.5', '1', '4.5', 0, 1),
(59, '5131000', '2.0', '0', '3', '2.75', '3', 0, 1),
(60, 'K001095', '1.0', '0', '6', '0.25', '3', 0, 1),
(61, 'K001059', '2.0', '0', '15', '3', '12', 0, 1),
(62, 'K001062', '2.5', '0', '15', '3', '12', 0, 1),
(63, '8002000', '0.0', '0', '2', '2', '2', 0, 1),
(64, '8046000', '0.0', '0', '2', '2', '2', 0, 1),
(65, 'K001058', '1.0', '0', '15', '3', '12', 0, 1),
(66, 'K001019', '1.5', '0', '15', '3', '12', 0, 1),
(67, 'K001357', '4.5', '0', '15', '3', '12', 0, 1),
(68, 'K001358', '5.0', '0', '12', '8', '12', 0, 1),
(69, 'K001305', '1.0', '0', '4', '4', '4', 0, 1),
(70, 'K001346', '3.0', '0', '15', '3', '12', 0, 1),
(71, 'K001345', '4.0', '0', '8', '10', '10', 0, 1),
(72, 'K001344', '3.0', '0', '15', '3', '12', 0, 1),
(73, 'K001343', '4.0', '0', '15', '3', '12', 0, 1),
(74, '6254000', '0.6', '0', '3.5', '5.5', '3.5', 0, 1),
(75, '8107000', '0.0', '0', '2', '2', '2', 0, 1),
(76, '50430D0', '2.4', '0', '0.5', '84', '4.25', 0, 1),
(77, 'K001141', '1.0', '0', '10', '2.5', '7', 0, 1),
(78, 'K001134', '2.0', '0', '15', '3', '12', 0, 1),
(79, 'K001352', '1.0', '0', '7', '2.5', '6', 0, 1),
(80, '4825000', '5.0', '0', '9', '3', '9', 0, 1),
(81, '8110000', '0.1', '0', '2', '2', '2', 0, 1),
(82, 'JB70', '1.0', '0', '5', '6.5', '6', 0, 1),
(83, '8108000', '0.0', '0', '2', '2', '2', 0, 1),
(84, '5601000', '4.0', '0', '5.5', '13.25', '5.5', 0, 1),
(85, '5614000', '3.0', '0', '6', '1.6', '6', 0, 1),
(86, 'K001395', '3.0', '0', '7', '1', '4', 0, 1),
(87, '56350A0', '0.0', '0', '2', '2', '2', 0, 1),
(88, 'K001139', '0.5', '0', '4', '1', '3', 0, 1),
(89, '5622000', '0.0', '0', '2', '2', '2', 0, 1),
(90, '56360A0', '0.0', '0', '2', '2', '2', 0, 1),
(91, 'GR20', '28.0', '0', '7.75', '7', '12.75', 0, 1),
(92, '5615000', '3.0', '0', '8', '1.25', '8', 0, 1),
(93, '5635000', '0.0', '0', '2', '2', '2', 0, 1),
(94, '56340A0', '0.0', '0', '2', '2', '2', 0, 1),
(95, '5627000', '0.0', '0', '2', '2', '2', 0, 1),
(96, '8141000', '0.0', '0', '2', '2', '2', 0, 1),
(97, 'K001136', '3.0', '0', '15', '3', '12', 0, 1),
(98, 'K001315', '0.5', '0', '5', '5', '5', 0, 1),
(99, 'K001316', '1.0', '0', '5', '5', '5', 0, 1),
(100, 'SXHC24=3', '20.0', '0', '22', '9.5', '19', 0, 1),
(101, 'AE24HC=3', '29.0', '0', '22', '9.5', '19', 0, 1),
(102, '5661000', '9.9', '0', '17', '0.25', '16', 0, 1),
(103, '5670000', '0.0', '0', '2', '2', '2', 0, 1),
(104, 'K001388', '1.9', '0', '1.5', '3.5', '1.5', 0, 1),
(105, '5663000', '0.6', '0', '3.5', '4', '7.5', 0, 1),
(106, '5656000', '1.0', '0', '9', '1.25', '6.5', 0, 1),
(107, '4785000', '0.0', '0', '3', '3', '3', 0, 1),
(108, '5673000', '0.8', '0', '2', '2', '2', 0, 1),
(109, '5662000', '0.0', '0', '2', '2', '2', 0, 1),
(110, '56740A0', '0.3', '0', '6', '2', '5', 0, 1),
(111, 'G90', '3.0', '0', '5', '5', '5', 0, 1),
(112, '8059000', '0.0', '0', '2', '2', '2', 0, 1),
(113, '8131000', '0.0', '0', '2', '2', '2', 0, 1),
(114, '8024000', '0.1', '0', '2', '2', '2', 0, 1),
(115, 'K001135', '3.5', '0', '15', '3.5', '12', 0, 1),
(116, '8158000', '0.0', '0', '2', '2', '2', 0, 1),
(117, 'K001301', '1.0', '0', '15', '3', '12', 0, 1),
(118, '5870000', '0.2', '0', '2.5', '0.5', '3', 0, 1),
(119, 'K001302', '1.0', '0', '15', '3', '12', 0, 1),
(120, '6904000', '6.0', '0', '10', '7', '12', 0, 1),
(121, '5738000', '4.0', '0', '2.5', '3', '2.5', 0, 1),
(122, '5644000', '1.0', '0', '2.5', '0.5', '3', 0, 1),
(123, 'K001303', '2.0', '0', '15', '3', '12', 0, 1),
(124, 'K001304', '1.0', '0', '15', '1', '12', 0, 1),
(125, '4755000', '1.0', '0', '2', '2', '2', 0, 1),
(126, 'K001382', '6.0', '0', '9', '9', '12', 0, 1),
(127, '46600B0', '1.0', '0', '6', '1.5', '6', 0, 1),
(128, '46600A0', '1.0', '0', '6', '1.5', '6', 0, 1),
(129, '5380000', '5.7', '0', '8', '2', '8', 0, 1),
(130, 'K001193', '0.5', '0', '10', '3', '7', 0, 1),
(131, 'K001177', '1.0', '0', '10', '3', '7', 0, 1),
(132, 'K001182', '0.5', '0', '2', '1.75', '2', 0, 1),
(133, 'K001178', '0.5', '0', '10', '3', '7', 0, 1),
(134, 'K001179', '0.5', '0', '2.5', '4.5', '1.75', 0, 1),
(135, 'K001180', '1.0', '0', '2', '2.5', '2', 0, 1),
(136, 'K001181', '0.5', '0', '3', '3.75', '3', 0, 1),
(137, 'K001183', '0.5', '0', '2.75', '4', '2.75', 0, 1),
(138, 'ASC-1', '18.0', '0', '0', '0', '0', 0, 1),
(139, 'ASC-3', '47.0', '0', '0', '0', '0', 0, 1),
(140, 'K001176', '6.0', '0', '19', '2', '9', 0, 1),
(141, 'ASC-2', '30.0', '0', '0', '0', '0', 0, 1),
(142, 'K001184', '3.0', '0', '6', '6', '20', 0, 1),
(143, 'ASCENTII-MUW', '22.0', '0', '10', '11', '20', 0, 1),
(144, 'ASCENTII-TW', '34.0', '0', '19', '18.5', '9.5', 0, 1),
(145, 'K001274', '7.0', '0', '15', '2.5', '18', 0, 1),
(146, 'K001275', '6.3', '0', '15', '2.5', '18', 0, 1),
(147, 'ASCENTII-EW', '49.0', '0', '15.5', '18', '26', 0, 1),
(148, 'ASCENTII-RW', '45.0', '0', '15.5', '18', '26', 0, 1),
(149, 'K001277', '1.9', '0', '6', '6', '10', 0, 1),
(150, 'K001379', '5.0', '0', '14.5', '2.25', '18', 0, 1),
(151, 'K001364', '8.5', '0', '8', '10', '10', 0, 1),
(152, 'K001365', '1.5', '0', '6', '6', '10', 0, 1),
(153, 'K001366', '1.8', '0', '12', '8', '12', 0, 1),
(154, 'K001367', '0.5', '0', '3.5', '5', '4', 0, 1),
(155, 'K001368', '1.0', '0', '12', '8', '12', 0, 1),
(156, 'K001369', '0.7', '0', '12', '8', '12', 0, 1),
(157, 'K001370', '0.1', '0', '12', '8', '2.5', 0, 1),
(158, 'K001371', '1.1', '0', '12', '8', '12', 0, 1),
(159, 'K001372', '0.1', '0', '2.5', '1', '2.5', 0, 1),
(160, 'K001373', '0.5', '0', '3', '4', '3', 0, 1),
(161, 'K001374', '0.1', '0', '5.25', '1.5', '5.25', 0, 1),
(162, 'K001375', '0.2', '0', '2', '5', '2', 0, 1),
(163, 'K001376', '0.5', '0', '4', '2.5', '3.5', 0, 1),
(164, 'K001211', '214.0', '0', '8', '8', '8', 0, 1),
(165, 'K001238', '5.0', '0', '8', '8', '8', 0, 1),
(166, '4405000', '0.0', '0', '2', '2', '2', 0, 1),
(167, 'K001096', '1.0', '0', '2', '2', '2', 0, 1),
(168, 'K001122', '5.5', '0', '6', '6', '10', 0, 1),
(169, 'K001097', '1.0', '0', '15', '3', '12', 0, 1),
(170, 'K001121', '3.5', '0', '10', '12', '20', 0, 1),
(171, 'K001098', '2.0', '0', '9', '9', '9', 0, 1),
(172, 'K001120', '0.3', '0', '7', '1', '4', 0, 1),
(173, 'K001099', '1.0', '0', '15', '3', '12', 0, 1),
(174, 'K001240', '4.0', '0', '15', '3', '12', 0, 1),
(175, 'K001384', '2.0', '0', '15', '3', '12', 0, 1),
(176, 'K001314', '1.0', '0', '2.5', '4', '2.5', 0, 1),
(177, '237', '11.0', '0', '0', '0', '0', 0, 1),
(178, '257', '21.0', '0', '0', '0', '0', 0, 1),
(179, '457', '13.0', '0', '0', '0', '0', 0, 1),
(180, '5804000', '0.4', '0', '4', '9', '4', 0, 1),
(181, '5812000', '1.0', '0', '1.75', '1.25', '1.75', 0, 1),
(182, '5819000', '1.0', '0', '2.5', '6.5', '2.5', 0, 1),
(183, 'K001190', '2.0', '0', '6', '6', '24', 0, 1),
(184, '1010000', '0.0', '0', '1.5', '1', '1.5', 0, 1),
(185, '1005000', '2.0', '0', '4.5', '1', '4.5', 0, 1),
(186, '8010000', '0.0', '0', '2', '2', '2', 0, 1),
(187, '1021000', '1.3', '0', '0.75', '24', '0.75', 0, 1),
(188, '1006000', '1.5', '0', '1.5', '24', '1.5', 0, 1),
(189, '1008000', '0.2', '0', '1.25', '2.5', '1.25', 0, 1),
(190, 'K001131', '1.0', '0', '4', '6', '4', 0, 1),
(191, '1013000', '0.0', '0', '2.5', '1', '5.5', 0, 1),
(192, '8003000', '0.0', '0', '2', '2', '2', 0, 1),
(193, 'K001006', '1.0', '0', '4', '4', '4', 0, 1),
(194, 'K001148', '1.0', '0', '31', '4', '7', 0, 1),
(195, '1106000', '1.1', '0', '1.5', '24', '1.5', 0, 1),
(196, '1028000', '0.2', '0', '4.5', '5', '4.5', 0, 1),
(197, '1032000', '0.1', '0', '2', '2', '2', 0, 1),
(198, '1105000', '6.4', '0', '4.5', '1', '4.5', 0, 1),
(199, 'K001093', '1.0', '0', '5', '1', '5', 0, 1),
(200, '8069200', '0.0', '0', '2', '2', '2', 0, 1),
(201, '2319000', '0.0', '0', '1', '0.5', '3', 0, 1),
(202, '2408000', '0.8', '0', '3', '0.75', '3', 0, 1),
(203, '2403000', '0.4', '0', '4.5', '0.5', '5', 0, 1),
(204, 'K001170', '2.0', '0', '15', '3', '12', 0, 1),
(205, 'K001363', '2.0', '0', '15', '3', '12', 0, 1),
(206, 'K001001', '1.0', '0', '15', '3', '12', 0, 1),
(207, 'K001004', '2.5', '0', '15', '3', '12', 0, 1),
(208, 'K001144', '1.5', '0', '15', '3', '12', 0, 1),
(209, 'K001347', '3.0', '0', '15', '3', '12', 0, 1),
(210, 'K001348', '3.0', '0', '15', '3', '12', 0, 1),
(211, '2076000', '1.0', '0', '1', '1', '11', 0, 1),
(212, 'K001168', '1.0', '0', '3.5', '1', '3.5', 0, 1),
(213, 'K001308', '10.0', '0', '16.5', '20', '16.5', 0, 1),
(214, '5395000', '0.0', '0', '1', '0.25', '1', 0, 1),
(215, '5317000', '3.0', '0', '5', '5.25', '5', 0, 1),
(216, 'K001060', '1.0', '0', '15', '3', '12', 0, 1),
(217, '5270000', '0.0', '0', '1', '1', '1', 0, 1),
(218, 'K001067', '1.5', '0', '15', '3', '12', 0, 1),
(219, 'K001410', '3.5', '0', '6', '6', '10', 0, 1),
(220, 'K001169', '1.0', '0', '5.25', '1', '5.25', 0, 1),
(221, 'K001061', '1.5', '0', '15', '3', '12', 0, 1),
(222, 'K001068', '2.3', '0', '15', '3', '12', 0, 1),
(223, 'K001325', '4.0', '0', '15', '3', '12', 0, 1),
(224, 'K001088', '3.0', '0', '8', '8', '8', 0, 1),
(225, 'K001090', '2.0', '0', '12', '8', '12', 0, 1),
(226, 'K001089', '2.0', '0', '15', '3', '12', 0, 1),
(227, 'K001165', '2.0', '0', '9', '9', '9', 0, 1),
(228, 'K001166', '1.0', '0', '9', '9', '9', 0, 1),
(229, 'K001245', '1.5', '0', '15', '3', '12', 0, 1),
(230, 'SP1822', '11.0', '0', '23', '24.75', '23', 0, 1),
(231, 'K001338', '1.6', '0', '16', '6', '16', 0, 1),
(232, 'K001334', '2.5', '0', '22', '4', '22', 0, 1),
(233, 'K001336', '2.5', '0', '22', '4', '22', 0, 1),
(234, 'K001335', '0.3', '0', '7', '2', '4', 0, 1),
(235, '5706000', '1.0', '0', '2.5', '2', '2.5', 0, 1),
(236, '45480B0', '0.1', '0', '1.5', '1', '1.5', 0, 1),
(237, '5704000', '2.5', '0', '11', '3', '29', 0, 1),
(238, '5703000', '6.4', '0', '16', '2', '29', 0, 1),
(239, 'K001114', '1.3', '0', '15', '3', '12', 0, 1),
(240, '8129000', '0.0', '0', '2', '2', '2', 0, 1),
(241, 'K001115', '1.3', '0', '15', '3', '12', 0, 1),
(242, '8155000', '0.0', '0', '2', '2', '2', 0, 1),
(243, '5124000', '0.1', '0', '2', '2', '2', 0, 1),
(244, '8140000', '0.0', '0', '2', '2', '2', 0, 1),
(245, 'K001163', '0.5', '0', '5.25', '1.25', '5.25', 0, 1),
(246, 'K001039', '1.0', '0', '5.5', '3', '5.5', 0, 1),
(247, '5130000', '2.0', '0', '6', '3', '6', 0, 1),
(248, '51300A0', '2.0', '0', '4', '3', '4', 0, 1),
(249, 'K001196', '1.5', '0', '15', '3', '12', 0, 1),
(250, 'K001065', '1.5', '0', '15', '3', '12', 0, 1),
(251, '8067000', '0.0', '0', '2', '2', '2', 0, 1),
(252, 'K001197', '3.0', '0', '15', '3', '12', 0, 1),
(253, 'K001066', '2.8', '0', '15', '3', '12', 0, 1),
(254, 'K001223', '2.0', '0', '5', '5', '5', 0, 1),
(255, 'K001224', '2.5', '0', '5', '5', '5', 0, 1),
(256, 'K001324', '5.0', '0', '5', '5', '5', 0, 1),
(257, 'K001209', '35.0', '0', '25', '15', '43', 0, 1),
(258, 'K001185', '37.5', '0', '25', '15.75', '11.8', 0, 1),
(259, '4623000', '1.0', '0', '2.5', '3', '2.5', 0, 1),
(260, 'K001052', '1.5', '0', '15', '3', '12', 0, 1),
(261, 'K001116', '1.0', '0', '7', '1', '7', 0, 1),
(262, 'K001016', '1.0', '0', '10', '3', '7', 0, 1),
(263, 'K001208', '2.0', '0', '12', '12', '14', 0, 1),
(264, 'K001207', '1.0', '0', '9', '1', '12', 0, 1),
(265, '4022000', '1.0', '0', '2.5', '1', '2.5', 0, 1),
(266, '4626000', '0.9', '0', '7', '2', '7', 0, 1),
(267, '4627000', '0.4', '0', '5', '1', '5', 0, 1),
(268, 'K001014', '1.0', '0', '3.5', '1', '3.5', 0, 1),
(269, '4625000', '0.1', '0', '3', '4', '3', 0, 1),
(270, 'K001142', '0.5', '0', '10', '3', '7', 0, 1),
(271, 'LE41LP', '37.5', '0', '8.25', '15.75', '11', 0, 1),
(272, 'K001146', '2.0', '0', '12', '12', '14', 0, 1),
(273, 'LE51LP', '41.0', '0', '8.25', '15.75', '11', 0, 1),
(274, 'K001143', '1.5', '0', '15', '3', '12', 0, 1),
(275, 'K001251', '3.0', '0', '15', '3', '12', 0, 1),
(276, 'K001132', '15.0', '0', '26', '30', '23', 0, 1),
(277, '40650A0', '2.0', '0', '2.75', '24', '2.75', 0, 1),
(278, 'K001162', '0.5', '0', '7', '1', '4', 0, 1),
(279, 'K001123', '1.0', '0', '7', '3.25', '23.5', 0, 1),
(280, 'K001101', '9.0', '0', '24', '6', '23', 0, 1),
(281, 'K001108', '24.0', '0', '26', '32', '23', 0, 1),
(282, 'K001126', '17.5', '0', '26', '32', '23', 0, 1),
(283, 'K001127', '9.0', '0', '24', '6', '24', 0, 1),
(284, 'K001124', '27.0', '0', '26', '32', '23', 0, 1),
(285, '40660C0', '1.7', '0', '3.5', '13', '3.5', 0, 1),
(286, 'K001102', '9.0', '0', '24', '6', '24', 0, 1),
(287, 'K001118', '24.0', '0', '26', '32', '23', 0, 1),
(288, '4016000', '4.2', '0', '5', '4', '5', 0, 1),
(289, '40400A0', '0.6', '0', '2.75', '9', '2.75', 0, 1),
(290, 'K001128', '8.5', '0', '24', '6', '24', 0, 1),
(291, 'K001125', '27.0', '0', '26', '32', '23', 0, 1),
(292, 'K001110', '17.0', '0', '28', '25', '26', 0, 1),
(293, '40650B0', '2.0', '0', '2.75', '24', '2.75', 0, 1),
(294, 'K001107', '25.0', '0', '28', '25', '26', 0, 1),
(295, 'K001202', '56.0', '0', '36', '37', '36', 0, 1),
(296, 'K001203', '6.0', '0', '10', '32', '10', 0, 1),
(297, 'K001389', '0.4', '0', '4.5', '0.75', '6', 0, 1),
(298, 'K001390', '0.4', '0', '4.5', '0.75', '6', 0, 1),
(299, '40040B0', '0.2', '0', '2', '1', '2', 0, 1),
(300, 'K001392', '0.5', '0', '4.5', '1', '6', 0, 1),
(301, 'K001391', '0.5', '0', '4.5', '1', '6', 0, 1),
(302, 'K001199', '40.0', '0', '30', '37', '30', 0, 1),
(303, 'K001219', '53.0', '0', '30', '39', '30', 0, 1),
(304, 'K001354', '0.3', '0', '1.75', '3.5', '1.75', 0, 1),
(305, '53030B0', '2.0', '0', '4.5', '1.5', '4.5', 0, 1),
(306, 'K001063', '1.5', '0', '15', '3', '12', 0, 1),
(307, 'K001064', '2.8', '0', '15', '3', '12', 0, 1),
(308, '53030A0', '2.0', '0', '4.5', '1.5', '4.5', 0, 1),
(309, '5860000', '1.0', '0', '2', '0.5', '2', 0, 1),
(310, 'K001186', '2.5', '0', '15', '3', '12', 0, 1),
(311, '58522A0', '2.0', '0', '4', '2', '5.5', 0, 1),
(312, 'K001213', '38.0', '0', '43', '2', '43', 0, 1),
(313, 'K001210', '125.0', '0', '40', '48', '40', 0, 1),
(314, 'K001327', '233.0', '0', '40', '84', '40', 0, 1),
(315, '50430B0', '2.4', '0', '1', '50', '4.5', 0, 1),
(316, 'K001215', '7.0', '0', '31', '2', '31', 0, 1),
(317, 'K001353', '0.1', '0', '3', '1', '3', 0, 1),
(318, 'K001205', '75.0', '0', '28', '48', '28', 0, 1),
(319, 'K001198', '84.0', '0', '28', '60', '28', 0, 1),
(320, 'K001214', '90.0', '0', '28', '72', '28', 0, 1),
(321, 'K001212', '104.0', '0', '28', '84', '28', 0, 1),
(322, 'K001153', '3.5', '0', '15.25', '14.375', '15.25', 0, 1),
(323, 'K001151', '0.5', '0', '9', '1', '6', 0, 1),
(324, 'K001155', '1.5', '0', '15', '3', '12', 0, 1),
(325, 'K001152', '2.5', '0', '22', '4', '22', 0, 1),
(326, 'K001187', '7.5', '0', '15.25', '14.375', '15.25', 0, 1),
(327, '404P', '12.0', '0', '8.9', '14.9', '10.9', 0, 1),
(328, 'K001157', '4.0', '0', '15.25', '14.375', '15.25', 0, 1),
(329, '40500B0', '0.5', '0', '2', '10', '2', 0, 1),
(330, '405P', '14.0', '0', '8.9', '14.9', '10.9', 0, 1),
(331, 'K001159', '1.5', '0', '15', '3', '12', 0, 1),
(332, 'K001156', '4.5', '0', '22', '4', '22', 0, 1),
(333, 'K001189', '8.0', '0', '15.25', '14.375', '15.25', 0, 1),
(334, 'K001167', '4.5', '0', '22', '4', '22', 0, 1),
(335, 'K001188', '7.5', '0', '15.25', '14.375', '15.25', 0, 1),
(336, '405HVP', '14.0', '0', '8.9', '14.9', '10.9', 0, 1),
(337, 'K001161', '1.5', '0', '15', '3', '12', 0, 1),
(338, '3316000', '0.0', '0', '2', '2', '2', 0, 1),
(339, '3315000', '0.3', '0', '6', '2.5', '4', 0, 1),
(340, '3355000', '0.0', '0', '2', '2', '2', 0, 1),
(341, '3394000', '3.1', '0', '10', '3', '7', 0, 1),
(342, '8542000', '0.0', '0', '2', '2', '2', 0, 1),
(343, 'K001021', '1.0', '0', '7', '2', '4', 0, 1),
(344, 'K001254', '1.0', '0', '2', '2', '2', 0, 1),
(345, 'K001023', '1.0', '0', '7', '2', '4', 0, 1),
(346, 'K001149', '0.5', '0', '7', '2', '4', 0, 1),
(347, 'K001025', '1.0', '0', '7', '2', '4', 0, 1),
(348, 'K001173', '2.0', '0', '4.25', '1.5', '5.75', 0, 1),
(349, 'K001247', '2.0', '0', '9', '9', '9', 0, 1),
(350, 'K001078', '1.0', '0', '4.25', '1.5', '5.75', 0, 1),
(351, '40660D0', '1.0', '0', '4', '7', '4', 0, 1),
(352, 'K001133', '19.5', '0', '28', '25', '26', 0, 1),
(353, 'K001220', '53.0', '0', '30', '39', '30', 0, 1),
(354, 'K001137', '25.5', '0', '28', '25', '25', 0, 1),
(355, 'K001130', '25.0', '0', '28', '25', '26', 0, 1),
(356, 'K001138', '26.5', '0', '28', '25', '26', 0, 1),
(357, 'K001362', '7.0', '0', '6', '6', '10', 0, 1),
(358, 'K001317', '7.5', '0', '6', '4', '10', 0, 1),
(359, 'K001253', '11.0', '0', '6', '6', '10', 0, 1),
(360, 'K001252', '11.0', '0', '6', '6', '10', 0, 1),
(361, 'K001232', '87.0', '0', '43', '3', '43', 0, 1),
(362, 'K001231', '43.0', '0', '28', '3', '28', 0, 1),
(363, '8106000', '0.1', '0', '2', '2', '2', 0, 1),
(364, '6640000', '0.8', '0', '3', '1', '3', 0, 1),
(365, '5692000', '0.1', '0', '3', '0.5', '4', 0, 1),
(366, '56140A0', '3.0', '0', '6', '1.75', '6', 0, 1),
(367, '47450A0', '2.0', '0', '6.5', '4', '6.75', 0, 1),
(368, '4068000', '5.0', '0', '2.75', '36', '2.75', 0, 1),
(369, 'K001383', '6.0', '0', '20', '3', '20', 0, 1),
(370, 'K001396', '3.0', '0', '15', '3', '12', 0, 1),
(371, 'ACV125', '7.0', '0', '3.5', '7', '7', 0, 1),
(372, '8570000', '1.0', '0', '1.5', '14', '6.5', 0, 1),
(373, 'K001194', '7.0', '0', '16', '6', '25', 0, 1),
(374, 'SBX-ROUGH', '37.0', '0', '24', '19', '37', 0, 1),
(375, 'FKITALM', '3.0', '0', '6', '6', '12', 0, 1),
(376, 'RCC8', '1.0', '0', '2', '2', '2', 0, 1),
(377, 'CV200C', '2.0', '0', '4.5', '10.5', '4.5', 0, 1),
(378, '51930E0', '0.2', '0', '1.5', '3.5', '2.25', 0, 1),
(379, '4508000', NULL, NULL, '3', '1', '3', 0, 1),
(380, '56350B0', NULL, NULL, '2', '2', '2', 0, 1),
(381, '4402000', NULL, NULL, NULL, NULL, NULL, 0, 1),
(382, '4417000', NULL, NULL, '1', '1', '1', 0, 1),
(383, '5862000', NULL, NULL, '2', '2', '2', 0, 1),
(384, 'K001233', NULL, NULL, '10', '3.5', '10', 0, 1),
(385, '45220C0', NULL, NULL, NULL, NULL, NULL, 0, 1),
(386, '5060000', NULL, NULL, NULL, NULL, NULL, 0, 1),
(387, '50340A0', NULL, NULL, NULL, NULL, NULL, 0, 1);

-- --------------------------------------------------------

--
-- Table structure for table `part_localization`
--

DROP TABLE IF EXISTS `part_localization`;
CREATE TABLE IF NOT EXISTS `part_localization` (
  `id` int(10) unsigned NOT NULL AUTO_INCREMENT,
  `part_id` int(10) unsigned NOT NULL,
  `description` text NOT NULL,
  `language_code` varchar(3) NOT NULL,
  PRIMARY KEY (`id`)
) ENGINE=InnoDB  DEFAULT CHARSET=utf8 AUTO_INCREMENT=388 ;

--
-- Dumping data for table `part_localization`
--

INSERT INTO `part_localization` (`id`, `part_id`, `description`, `language_code`) VALUES
(1, 1, 'SEALRING, CHAMBER COVER', 'en'),
(2, 2, '1/4-20 x 5/8 SLOTTED FLAT HEAD BOLT', 'en'),
(3, 3, 'IMPELLER', 'en'),
(4, 4, '1/4-20 x 1 HEX SOCKET HEAD BOLT', 'en'),
(5, 5, 'MECHANICAL SWITCH W/ QUICKPLUG', 'en'),
(6, 6, 'IMPELLER', 'en'),
(7, 7, 'CABLE CLAMP', 'en'),
(8, 8, 'MOTOR COVER', 'en'),
(9, 9, 'OIL PLUG, O-RING ASSEMBLY', 'en'),
(10, 10, '#10 - 24 x 3/4 SCREW', 'en'),
(11, 11, 'CHAMBER COVER', 'en'),
(12, 12, '#10 HILO X 5/8 STAINLESS STEEL SCREW', 'en'),
(13, 13, 'HANDLE', 'en'),
(14, 14, 'PLASTIC SCREEN', 'en'),
(15, 15, 'POWER CORD, 115V, 10 FOOT CORD', 'en'),
(16, 16, '#10-24 x 3/8 EPOXY LOCK SCREW', 'en'),
(17, 17, 'POWER CORD, 115V, 25 FOOT CORD', 'en'),
(18, 18, 'PROTECTIVE CAP', 'en'),
(19, 19, 'PUMP SWITCH, 25FT.', 'en'),
(20, 20, '61130A0 PUMP SWITCH, 10'' 115V', 'en'),
(21, 21, 'VMF FLOAT AND ROD KIT', 'en'),
(22, 22, 'VMF MOTOR COVER, BLACK', 'en'),
(23, 23, 'VMF SWITCH', 'en'),
(24, 24, 'VMF SWITCH COVER, BLACK', 'en'),
(25, 25, 'SHACKLE', 'en'),
(26, 26, '1/2-13 x 1-3/4 STAINLESS STEEL BOLT', 'en'),
(27, 27, '#8 x 1/4 STAINLESS STEEL SCREW', 'en'),
(28, 28, '1/4-20x5/8 HX SKT SS', 'en'),
(29, 29, 'DOUBLE LIP SEAL', 'en'),
(30, 30, 'HANDLE', 'en'),
(31, 31, 'BRASS OIL PLUG', 'en'),
(32, 32, '#8-32 x 5/8 HEX WASHER HEAD SCREW', 'en'),
(33, 33, 'CABLE CLAMP S.S.', 'en'),
(34, 34, 'CORDPLATE KIT, INCLUDES SCREWS AND GASKET', 'en'),
(35, 35, 'POWER CORD', 'en'),
(36, 36, '2 DISCHARGE KIT', 'en'),
(37, 37, 'RUN CAPACITOR', 'en'),
(38, 38, 'START CAPACITOR', 'en'),
(39, 39, 'START SWITCH', 'en'),
(40, 40, 'POWER CORD KIT', 'en'),
(41, 41, '3 DISCHARGE KIT', 'en'),
(42, 42, 'CHAMBER COVER, GREY', 'en'),
(43, 43, 'FLAT VOLUTE PLATE', 'en'),
(44, 44, '#10 - 24 x 3/8 SCREW', 'en'),
(45, 45, 'SOLID BOTTOM PLUG', 'en'),
(46, 46, 'IMPELLER', 'en'),
(47, 47, 'BASE WITH VOLUTE ASSEMBLY', 'en'),
(48, 48, 'VMF SWITCH COVER KIT', 'en'),
(49, 49, 'VMF SWITCH AND SEALRING KIT', 'en'),
(50, 50, 'VMF MOTOR COVER KIT', 'en'),
(51, 51, '280 SERIES STAMPING INLET', 'en'),
(52, 52, '280 SERIES IMPELLER KIT', 'en'),
(53, 53, 'VMF FLOAT AND ROD KIT', 'en'),
(54, 54, '290 SERIES STAMPING INLET KIT', 'en'),
(55, 55, 'CAPACITOR KIT', 'en'),
(56, 56, '290 SERIES IMPELLER KIT', 'en'),
(57, 57, 'CORD PLATE', 'en'),
(58, 58, 'FLOAT SWITCH SUPPORT', 'en'),
(59, 59, 'IMPELLER CAST IRON', 'en'),
(60, 60, 'STAINLESS STEEL HANDLE', 'en'),
(61, 61, 'POWER CORD, 230V, 25 FOOT CORD', 'en'),
(62, 62, 'PUMP SWITCH, 25FT.', 'en'),
(63, 63, '#10-24 STAINLESS STEEL HEX', 'en'),
(64, 64, '1/2-20 HEX STAINLESS STEEL JAM NUT', 'en'),
(65, 65, 'POWER CORD, 10FT. 230V', 'en'),
(66, 66, 'FLOAT SWITCH, 230V, 10 FT', 'en'),
(67, 67, 'POWER CORD, 25FT', 'en'),
(68, 68, 'POWER CORD, 35FT', 'en'),
(69, 69, 'CAPACITOR', 'en'),
(70, 70, 'POWER CORD, 35FT.', 'en'),
(71, 71, 'POWER CORD, 50FT.', 'en'),
(72, 72, 'POWER CORD, 35FT.', 'en'),
(73, 73, 'POWER CORD, 50FT.', 'en'),
(74, 74, '1-1/4  PVC CHECK VALVE', 'en'),
(75, 75, '3/8-16 WASHER, FLAT', 'en'),
(76, 76, 'QUICK TREE FLOAT SUPPORT', 'en'),
(77, 77, '4 FERNCO SEALING DONUT', 'en'),
(78, 78, 'FLOAT SWITCH, 20FT CORD, INCLUDES 1 SWITCH PER KIT', 'en'),
(79, 79, 'BULKHEAD FITTING 2 NPT', 'en'),
(80, 80, '4 FIBERGLASS HUB', 'en'),
(81, 81, '3/8-16 x 1-1/2 STAINLESS STEEL HEX', 'en'),
(82, 82, 'JUNCTION BOX PVC NEMA 4X', 'en'),
(83, 83, 'NUT, 3/8-16 316 STAINLESS STEEL', 'en'),
(84, 84, 'MOTOR', 'en'),
(85, 85, 'IMPELLER', 'en'),
(86, 86, 'CUTTER PLATE', 'en'),
(87, 87, 'KEY', 'en'),
(88, 88, 'ROTARY CUTTER KIT', 'en'),
(89, 89, 'WASHER, ARBOR SHIM .002', 'en'),
(90, 90, 'FLANGED IMPELLER BOLT', 'en'),
(91, 91, 'GUIDE RAIL BASE', 'en'),
(92, 92, 'CUTTER PLATE', 'en'),
(93, 93, 'KEY', 'en'),
(94, 94, 'FLAT WASHER', 'en'),
(95, 95, 'SHIM WASHER', 'en'),
(96, 96, 'WASHER, #10 X 1/2 SS', 'en'),
(97, 97, 'SWITCH KIT', 'en'),
(98, 98, 'RELAY', 'en'),
(99, 99, 'CAPS / RELAY', 'en'),
(100, 100, 'SIMPLEX CONTROL PANEL', 'en'),
(101, 101, 'DUPLEX CONTROL PANEL', 'en'),
(102, 102, 'COVER', 'en'),
(103, 103, '1-1/4 GALVANIZED PIPE NUT', 'en'),
(104, 104, 'CABLE WEIGHT', 'en'),
(105, 105, 'JUNCTION BOX', 'en'),
(106, 106, 'CUSTOM COPPER ELBOW', 'en'),
(107, 107, 'CORD GRIP SIZE 09', 'en'),
(108, 108, 'EYEBOLT', 'en'),
(109, 109, 'QUICK RELEASE PIN', 'en'),
(110, 110, 'PUMP HANDLE / HANGER', 'en'),
(111, 111, 'FLANGED ELBOW KIT, INCLUDES GASKET, SCREWS AND WASHER', 'en'),
(112, 112, 'SCREW 10 - 24 x 1 PHILLIPS HEAD', 'en'),
(113, 113, '1/4x3/4 STAINLESS STEEL FLAT WASHER', 'en'),
(114, 114, '1/4-20x7/8 HEX HEAD SS BOLT', 'en'),
(115, 115, 'ALARM SWITCH WITH CABLE WEIGHT', 'en'),
(116, 116, 'WASHER, 3/8 x 1-1/8, SS', 'en'),
(117, 117, 'ALARM SWITCH WITH CLAMP', 'en'),
(118, 118, 'SWITCH CLAMP', 'en'),
(119, 119, 'PUMP SWITCH INCLUDING HARDWARE', 'en'),
(120, 120, 'CONTROL BOX (SQUARE HOOD CONNECTOR)', 'en'),
(121, 121, 'DISCHARGE ELBOW, STAINLESS STEEL', 'en'),
(122, 122, '1-1/4 FLANGE SEAL GROMMET', 'en'),
(123, 123, 'POWER CORD ASSY', 'en'),
(124, 124, 'COVER GASKET INCLUDING HARDWARE', 'en'),
(125, 125, '3/16 QUICK LINK, STAINLESS STEEL', 'en'),
(126, 126, 'CONTROL BOX (ROUND HOOD CONNECTOR)', 'en'),
(127, 127, 'BOTTOM IMPELLER, STAINLESS STEEL', 'en'),
(128, 128, 'TOP IMPELLER', 'en'),
(129, 129, 'CROSSOVER', 'en'),
(130, 130, 'TANK TO BOWL GASKET AND HARDWARE KIT', 'en'),
(131, 131, 'ACCORDION GROMMET', 'en'),
(132, 132, '1/4 TURN PLUG', 'en'),
(133, 133, '1-1/2 RUBBER ELBOW', 'en'),
(134, 134, '1-1/2 CHECK VALVE/ELBOW', 'en'),
(135, 135, '3/4, 1 DISCHARGE ADAPTER', 'en'),
(136, 136, '1-1/2 x 1-1/2 RUBBER COUPLER', 'en'),
(137, 137, '1-1/2 x 2 RUBBER COUPLER', 'en'),
(138, 138, 'MACERATOR PUMP, INCLUDES ITEMS 1-8 AND HOSE CLAMPS', 'en'),
(139, 139, 'TOILET BOWL', 'en'),
(140, 140, 'TOILET LID ONLY', 'en'),
(141, 141, 'TOILET TANK AND LID', 'en'),
(142, 142, 'EXTENSION PIPE WITH REAR PIPE SEAL', 'en'),
(143, 143, 'ASCENT 2 MACERATING UNIT', 'en'),
(144, 144, 'ASCENT 2 TOILET TANK AND LID KIT', 'en'),
(145, 145, 'ELONGATED TOILET SEAT', 'en'),
(146, 146, 'ROUND TOILET SEAT', 'en'),
(147, 147, 'ELONGATED TOILET BOWL', 'en'),
(148, 148, 'ROUND TOILET BOWL', 'en'),
(149, 149, 'TANK FILL AND FLUSH VALVE KIT', 'en'),
(150, 150, 'ASCENT 2 TANK LID', 'en'),
(151, 151, 'PUMP/BASKET/RAZOR ASSEMBLY', 'en'),
(152, 152, 'BASKET AND SCREWS', 'en'),
(153, 153, 'CONTROL SYSTEM', 'en'),
(154, 154, 'DISCHARGE/CHECK ASSEMBLY', 'en'),
(155, 155, 'LEFT SIDE DECORATIVE COVER', 'en'),
(156, 156, 'RIGHT SIDE DECORATIVE COVER', 'en'),
(157, 157, 'RAZOR BLADES (2 INCLUDED IN KIT)', 'en'),
(158, 158, 'ACCESS COVER AND THUMB SCREWS', 'en'),
(159, 159, 'SIDE PLUGS', 'en'),
(160, 160, 'AUX CONNECTION COUPLINGS', 'en'),
(161, 161, 'BUNG AND RETAINING RING', 'en'),
(162, 162, 'FLEX HOSE AND (2) CLAMPS', 'en'),
(163, 163, 'VENT FLANGE AND SCREWS', 'en'),
(164, 164, '36X72 FIBERGLASS WOUND TANK INCLUDES 4 INLET HUB', 'en'),
(165, 165, '4 FIBERGLASS HUB KIT', 'en'),
(166, 166, 'PVC PIPE NIPPLE, 1-1/4 NPTxCLOSE', 'en'),
(167, 167, 'CHECK VALVE', 'en'),
(168, 168, 'DC BACKUP PUMP', 'en'),
(169, 169, 'FLOAT SWITCH', 'en'),
(170, 170, 'BATTERY CASE', 'en'),
(171, 171, 'CHARGER KIT', 'en'),
(172, 172, 'BATTERY LEAD (INCLUDES TWO)', 'en'),
(173, 173, 'FITTINGS KIT', 'en'),
(174, 174, 'FLOAT SWITCH', 'en'),
(175, 175, 'BATTERY BACKUP SWITCH', 'en'),
(176, 176, 'THREADED CHECK VALVE 1-1/2 NPT', 'en'),
(177, 177, '1/3 HP SUMP PUMP', 'en'),
(178, 178, '1/3 HP SUMP PUMP', 'en'),
(179, 179, '1/2 HP SUMP PUMP', 'en'),
(180, 180, 'FLOAT', 'en'),
(181, 181, 'PLUNGER SHROUD', 'en'),
(182, 182, 'PVC STRAINER', 'en'),
(183, 183, 'FLOAT SWITCH KIT', 'en'),
(184, 184, 'FELT WASHER, 1/2 x 1-1/2 x 3/8', 'en'),
(185, 185, 'IMPELLER', 'en'),
(186, 186, 'SETSCREW, 5/16 - 18 x 1/2 SST SQ. HD.', 'en'),
(187, 187, 'SHAFT, 304 SS, 1/2 x 23-7/8', 'en'),
(188, 188, 'COLUMN, GALVANIZED, 1.5 x 24 x .049', 'en'),
(189, 189, '1/2 FLEXIBLE COUPLING', 'en'),
(190, 190, 'FLOAT BALL', 'en'),
(191, 191, 'FLOAT ROD GUIDE', 'en'),
(192, 192, 'SET SCREW 1/4-20 x 1/4 HEX', 'en'),
(193, 193, 'VERTICLE SWITCH KIT', 'en'),
(194, 194, 'FLOAT ROD, 2 STOPS & GUIDE', 'en'),
(195, 195, 'COLUMN, BRASS 1.5x24x.049', 'en'),
(196, 196, 'FLOAT, COPPER, HOT WATER', 'en'),
(197, 197, 'EYE BOLT, 1/4-20 X 4 PLATED', 'en'),
(198, 198, 'IMPELLER, BRASS', 'en'),
(199, 199, 'IMPELLER', 'en'),
(200, 200, '#10 x 4-3/16 POLYFAST SCREW', 'en'),
(201, 201, 'CLAMP, SWITCH CORD', 'en'),
(202, 202, 'IMPELLER', 'en'),
(203, 203, 'INLET STAMPING, STAINLESS STEEL', 'en'),
(204, 204, 'PUMP SWITCH, 10FT.', 'en'),
(205, 205, 'PUMP SWITCH KIT', 'en'),
(206, 206, 'PUMP SWITCH KIT', 'en'),
(207, 207, 'PUMP SWITCH KIT', 'en'),
(208, 208, '61130B0 PUMP SWITCH, 25'' 115V', 'en'),
(209, 209, 'PUMP SWITCH, 35FT.', 'en'),
(210, 210, 'PUMP SWITCH, 35FT.', 'en'),
(211, 211, 'VMF FLOAT ROD', 'en'),
(212, 212, 'IMPELLER', 'en'),
(213, 213, 'KIT, CRAWL SPACE BASIN AND COVER', 'en'),
(214, 214, 'THRUST WASHER', 'en'),
(215, 215, 'MOTOR ASSEMBLY, .5HP', 'en'),
(216, 216, 'POWER CORD, 115V, 10FT', 'en'),
(217, 217, 'CLAMP, CABLE SMALL HT.', 'en'),
(218, 218, 'PUMP SWITCH, 115V 10ft CORD', 'en'),
(219, 219, 'MOTOR SUPPORT PLATE', 'en'),
(220, 220, 'IMPELLER', 'en'),
(221, 221, 'POWER CORD, 115V, 25FT', 'en'),
(222, 222, 'PUMP SWITCH, 25ft CORD', 'en'),
(223, 223, 'PUMP SWITCH, HIGH TEMP 115V 10ft', 'en'),
(224, 224, 'CORD/COVER ASSEMBLY', 'en'),
(225, 225, 'VOLUTE ASSEMBLY', 'en'),
(226, 226, 'SWITCH KIT', 'en'),
(227, 227, 'CORD/COVER ASSEMBLY', 'en'),
(228, 228, 'SWITCH KIT', 'en'),
(229, 229, 'SWITCH KIT', 'en'),
(230, 230, 'SUMP PIT BASIN WITH HUB', 'en'),
(231, 231, '18X22 BASIN INSERT', 'en'),
(232, 232, 'SPAC COVER', 'en'),
(233, 233, 'SPAC COVER AND HARDWARE', 'en'),
(234, 234, 'SPAC HARDWARE', 'en'),
(235, 235, 'WING BOLT, 1/4-20', 'en'),
(236, 236, '2 DOUBLE HOLE STOPPER', 'en'),
(237, 237, 'SINGLE HOLE SECURE COVER', 'en'),
(238, 238, 'ACCESS COVER', 'en'),
(239, 239, 'PUMP SWITCH, 120V', 'en'),
(240, 240, '1/4-20X5/8 HEX HEAD STAINLESS STEEL BOLT', 'en'),
(241, 241, 'ALARM SWITCH', 'en'),
(242, 242, 'WASHER HEAD HEX SCREW', 'en'),
(243, 243, 'BEARING', 'en'),
(244, 244, '#8 FLAT WASHER TYPE B WIDE SS', 'en'),
(245, 245, 'IMPELLER', 'en'),
(246, 246, 'IMPELLER', 'en'),
(247, 247, 'IMPELLER, CAST IRON', 'en'),
(248, 248, 'IMPELLER, CAST IRON', 'en'),
(249, 249, 'POWER CORD, 230V, 10 FOOT CORD', 'en'),
(250, 250, 'FLOAT SWITCH, 230V, 10 FOOT CORD', 'en'),
(251, 251, 'CABLE CLAMP', 'en'),
(252, 252, 'POWER CORD, 230V, 25 FOOT CORD', 'en'),
(253, 253, 'FLOAT SWITCH, 230V, 25 FOOT CORD', 'en'),
(254, 254, 'IMPELLER, CAST IRON, INCLUDES 8046000', 'en'),
(255, 255, 'IMPELLER, CAST IRON, INCLUDES 8046000', 'en'),
(256, 256, 'IMPELLER, CAST IRON, INCLUDES 5887000', 'en'),
(257, 257, 'LOW PROFILE TANK', 'en'),
(258, 258, 'PUMP', 'en'),
(259, 259, 'PVC TOE NIPPLE, 2 X 6 SCH 80', 'en'),
(260, 260, 'VERTICLE MASTER SWITCH, 120V', 'en'),
(261, 261, 'BRASS CLOSET FLANGE WITH GASKET TAPE', 'en'),
(262, 262, 'GASKET TAPE 1/8 THICK, 83 LONG', 'en'),
(263, 263, 'THREADED COVER', 'en'),
(264, 264, 'ACCESS COVER', 'en'),
(265, 265, 'DOUBLE HOLE STOPPER - 9/32 HOLES', 'en'),
(266, 266, 'CLOSET FLANGE EXTENSION 1/2', 'en'),
(267, 267, 'WAX RING', 'en'),
(268, 268, 'PIPE SEAL GROMMET 2', 'en'),
(269, 269, 'CLOSET BOLT KIT', 'en'),
(270, 270, 'GASKET TAPE 1/8 THICK, 32 LONG', 'en'),
(271, 271, 'PUMP', 'en'),
(272, 272, 'THREADED COVER', 'en'),
(273, 273, 'PUMP', 'en'),
(274, 274, 'VERTICLE MASTER SWITCH, 230V', 'en'),
(275, 275, 'VERTICLE MASTER SWITCH, 230V NO PLUG', 'en'),
(276, 276, '41 GALLON TANK', 'en'),
(277, 277, '2 PVC PIPE FOR 30 TANK, 23-5/8 LONG', 'en'),
(278, 278, 'COVER HARDWARE, WASHER HEAD HEX SCREWS 14 INCLUDED IN KIT', 'en'),
(279, 279, 'QUICKTREE KIT, ROD & CLAMPS ONLY', 'en'),
(280, 280, 'COVER ASY 2X2, 8 BOLTS, FOR PVC PIPE', 'en'),
(281, 281, 'P372 TANK & 2X2 COVER ASSEMBLY', 'en'),
(282, 282, 'P370XL TANK, 16 BOLT', 'en'),
(283, 283, '2X2 COVER ASSEMBLY, 16 BOLT, PVC', 'en'),
(284, 284, 'P370XL TANK & 2X2 COVER ASSEMBLY', 'en'),
(285, 285, '3 SCH80 PVC PIPE', 'en'),
(286, 286, '3X3 COVER ASSEMBLY', 'en'),
(287, 287, 'P373 TANK & 3X3 COVER ASSEMBLY', 'en'),
(288, 288, '3X2 REDUCER, STEEL COUPLING', 'en'),
(289, 289, '2 SCH80 PVC PIPE', 'en'),
(290, 290, '3X3 COVER ASSEMBLY, 16 BOLT', 'en'),
(291, 291, 'P370XL TANK & 3X3 COVER ASSEMBLY, 16 BOLT', 'en'),
(292, 292, 'PRO380 SERIES 24 BASIN', 'en'),
(293, 293, '2 SCH80 PVC PIPE FOR 24 TANK, 17-3/8 LONG', 'en'),
(294, 294, 'P382 TANK & 2X2 COVER ASSEMBLY', 'en'),
(295, 295, '30 X 36 BASIN, WITH CAST IRON INLET HUB', 'en'),
(296, 296, '10 INSPECTION COVER WITH FLOAT TREE (FLOATS NOT INCLUDED)', 'en'),
(297, 297, '2 DISCHARGE FLANGE KIT', 'en'),
(298, 298, '2 VENT FLANGE KIT', 'en'),
(299, 299, 'SINGLE HOLE STOPPER - 9/32 HOLE', 'en'),
(300, 300, '3 VENT FLANGE KIT', 'en'),
(301, 301, '3 DISCHARGE FLANGE KIT', 'en'),
(302, 302, '700 SERIES TANK AND CAST IRON HUB KIT', 'en'),
(303, 303, '702 BASIN AND COVER ASSEMBLY', 'en'),
(304, 304, 'CAPACITOR KIT', 'en'),
(305, 305, 'IMPELLER, CAST IRON', 'en'),
(306, 306, 'FLOAT SWITCH, 115V, 10 FOOT CORD', 'en'),
(307, 307, 'FLOAT SWITCH, 115V, 25 FOOT CO', 'en'),
(308, 308, 'IMPELLER, CAST IRON', 'en'),
(309, 309, 'LIP SEAL, 0.625 x 2', 'en'),
(310, 310, 'SWITCH KIT, 230V, 25ft CORD', 'en'),
(311, 311, 'IMPELLER', 'en'),
(312, 312, '4666000 36 FIBERGLASS COVER W/HARDWARE', 'en'),
(313, 313, '36X48 FIBERGLASS WOUND TANK INCLUDES 4 INLET HUB', 'en'),
(314, 314, '36X84 FIBERGLASS WOUND TANK INCLUDES 4 INLET HUB', 'en'),
(315, 315, 'QUICK TREE FLOAT SUPPORT', 'en'),
(316, 316, '4657000 24 FIBERGLASS CVR W/ HARDWARE', 'en'),
(317, 317, 'PIPE SEAL GROMMET, 1-1/4 PIPE', 'en'),
(318, 318, '24X48 TANK AND HUB KIT', 'en'),
(319, 319, '24X60 TANK AND HUB KIT, INCLUDES PIPE SEAL', 'en'),
(320, 320, '24X72 TANK AND HUB KIT', 'en'),
(321, 321, '24X84 TANK AND HUB KIT', 'en'),
(322, 322, '404 TANK', 'en'),
(323, 323, 'ACCESS COVER KIT, INCLUDES HARDWARE', 'en'),
(324, 324, 'SWITCH TREE KIT', 'en'),
(325, 325, 'COVER KIT, INCLUDES ACCESS COVER AND HARDWARE', 'en'),
(326, 326, 'TANK, COVER, ACCESS COVER, HARDWARE', 'en'),
(327, 327, 'PUMP', 'en'),
(328, 328, '405 TANK', 'en'),
(329, 329, 'PIPE NIPPLE, PVC SCH 80 x 9 5/8 IN LG, TOE', 'en'),
(330, 330, 'PUMP', 'en'),
(331, 331, 'SWITCH TREE KIT', 'en'),
(332, 332, 'COVER KIT, INCLUDES ACCESS COVER AND HARDWARE', 'en'),
(333, 333, 'TANK, COVER, ACCESS COVER AND HARDWARE', 'en'),
(334, 334, 'COVER KIT, INCLUDES ACCESS COVER AND HARDWARE', 'en'),
(335, 335, 'TANK, COVER, ACCESS COVER AND HARDWARE', 'en'),
(336, 336, 'PUMP', 'en'),
(337, 337, 'SWITCH TREE KIT', 'en'),
(338, 338, 'DELTA PT SCREW PP50X80', 'en'),
(339, 339, 'BACKPLATE', 'en'),
(340, 340, 'ELECTRICAL SWITCH PANEL MOUNT', 'en'),
(341, 341, 'POWER CORD WITH STRAIN RELIEF', 'en'),
(342, 342, '#10 FLAT HEAD STAINLESS STEEL SCREW', 'en'),
(343, 343, 'BRUSH KIT, INCLUDES CAPS, SET OF 2', 'en'),
(344, 344, '5/16 LIP SEAL', 'en'),
(345, 345, 'IMPELLER KIT, INCLUDES SHAFT CAP, COVER SEAL AND COVER SCREWS', 'en'),
(346, 346, 'PRIME PLUG WITH O-RING', 'en'),
(347, 347, 'FITTINGS PACKAGE', 'en'),
(348, 348, 'FRONT PLATE, GASKET AND HARDWARE', 'en'),
(349, 349, 'MASTER KIT (BRUSH KIT,IMPELLAR,FILL PLUG)', 'en'),
(350, 350, 'FRONT PLATE GASKET AND HARWARE', 'en'),
(351, 351, '3 SCH80 PVC PIPE', 'en'),
(352, 352, '380XL TANK 16 BOLTS', 'en'),
(353, 353, '703 BASIN AND COVER ASSEMBLY', 'en'),
(354, 354, 'P382XL TANK AND COVER', 'en'),
(355, 355, 'P383 TANK AND 3 COVER ASSEMBLY', 'en'),
(356, 356, 'P383XL TANK AND COVER 10''ST', 'en'),
(357, 357, 'KIT GR22-S CLAW', 'en'),
(358, 358, 'KIT GR20 CLAW', 'en'),
(359, 359, 'KIT GR22-LE CLAW', 'en'),
(360, 360, 'KIT GR22-FL CLAW (INCLUDES SEAL GROMMET)', 'en'),
(361, 361, '4664000 36 SOLID STEEL CVR W/HRDWR', 'en'),
(362, 362, '4663000 24 SOLID STEEL CVR W/HARDWARE', 'en'),
(363, 363, 'BOLT 3/8-16x1 316 SS HEX', 'en'),
(364, 364, '1/3 HP SUMP IMPELLER 230 250 SERIES', 'en'),
(365, 365, 'SEAL GROMMET  2  GR22', 'en'),
(366, 366, '5.5 OMNIVORE IMPELLER', 'en'),
(367, 367, 'BALL VALVE 1-1/4 PVC 2122-012', 'en'),
(368, 368, 'NIPPLE 2x36 PVC SCH 80', 'en'),
(369, 369, '56310C0 35'' CORD KIT', 'en'),
(370, 370, 'GRINDER POWER CORD ASSEMBLY', 'en'),
(371, 371, '1.25 ANTI-SIPHON VALVE', 'en'),
(372, 372, 'DISCHARGE ELBOW, STAINLESS STEEL', 'en'),
(373, 373, 'SUMPBOX STRAINER, 2 PIECES', 'en'),
(374, 374, 'SUMPBOX KIT, EVERYTHING BUT PUMP,SWITCH AND PIPE', 'en'),
(375, 375, 'SBX 115V ALARM, INCLUDES SWITCH', 'en'),
(376, 376, 'SM WATERTIGHT CABLE GRIP', 'en'),
(377, 377, '2 COMPRESSION CHECK VALVE', 'en'),
(378, 378, 'CAPACITOR', 'en'),
(379, 379, '2 1/2" STOPPER - SINGLE 5/16" HOLE', 'en'),
(380, 380, 'KEY', 'en'),
(381, 381, 'RUBBER HOSE COUPLING AND CLAMPS', 'en'),
(382, 382, 'FOAM SQUARE TWO SIDED ADHESIVE', 'en'),
(383, 383, 'BOLT, 3/8-16X1 SHCS SS', 'en'),
(384, 384, 'INSPECTION COVER, INCLUDES MOUNTING SCREWS (6)', 'en'),
(385, 385, 'GASKET TAPE', 'en'),
(386, 386, 'CORD PLATE GASKET', 'en'),
(387, 387, '2X2 COVER, 8 BOLTS, FOR PVC PIPE', 'en');

-- --------------------------------------------------------

--
-- Table structure for table `part_prices`
--

DROP TABLE IF EXISTS `part_prices`;
CREATE TABLE IF NOT EXISTS `part_prices` (
  `id` int(10) unsigned NOT NULL AUTO_INCREMENT,
  `part_id` int(10) unsigned NOT NULL,
  `price_type_id` int(10) unsigned NOT NULL,
  `value` decimal(10,2) NOT NULL,
  PRIMARY KEY (`id`)
) ENGINE=InnoDB  DEFAULT CHARSET=utf8 AUTO_INCREMENT=388 ;

--
-- Dumping data for table `part_prices`
--

INSERT INTO `part_prices` (`id`, `part_id`, `price_type_id`, `value`) VALUES
(1, 1, 1, '7.74'),
(2, 2, 1, '0.23'),
(3, 3, 1, '15.22'),
(4, 4, 1, '0.35'),
(5, 5, 1, '37.51'),
(6, 6, 1, '9.59'),
(7, 7, 1, '0.07'),
(8, 8, 1, '12.12'),
(9, 9, 1, '0.42'),
(10, 10, 1, '0.15'),
(11, 11, 1, '5.50'),
(12, 12, 1, '0.15'),
(13, 13, 1, '9.24'),
(14, 14, 1, '5.31'),
(15, 15, 1, '25.00'),
(16, 16, 1, '0.13'),
(17, 17, 1, '33.00'),
(18, 18, 1, '0.34'),
(19, 19, 1, '58.59'),
(20, 20, 1, '35.26'),
(21, 21, 1, '10.02'),
(22, 22, 1, '11.32'),
(23, 23, 1, '15.29'),
(24, 24, 1, '17.86'),
(25, 25, 1, '5.19'),
(26, 26, 1, '2.45'),
(27, 27, 1, '0.07'),
(28, 28, 1, '0.32'),
(29, 29, 1, '7.56'),
(30, 30, 1, '13.46'),
(31, 31, 1, '0.73'),
(32, 32, 1, '0.15'),
(33, 33, 1, '2.06'),
(34, 34, 1, '15.44'),
(35, 35, 1, '73.14'),
(36, 36, 1, '35.00'),
(37, 37, 1, '36.01'),
(38, 38, 1, '53.10'),
(39, 39, 1, '130.92'),
(40, 40, 1, '103.06'),
(41, 41, 1, '42.79'),
(42, 42, 1, '4.50'),
(43, 43, 1, '3.34'),
(44, 44, 1, '0.11'),
(45, 45, 1, '5.32'),
(46, 46, 1, '1.72'),
(47, 47, 1, '15.63'),
(48, 48, 1, '22.68'),
(49, 49, 1, '15.87'),
(50, 50, 1, '45.62'),
(51, 51, 1, '4.97'),
(52, 52, 1, '11.11'),
(53, 53, 1, '11.62'),
(54, 54, 1, '16.00'),
(55, 55, 1, '34.77'),
(56, 56, 1, '15.00'),
(57, 57, 1, '4.89'),
(58, 58, 1, '1.46'),
(59, 59, 1, '22.60'),
(60, 60, 1, '10.88'),
(61, 61, 1, '35.00'),
(62, 62, 1, '66.00'),
(63, 63, 1, '0.07'),
(64, 64, 1, '0.61'),
(65, 65, 1, '29.00'),
(66, 66, 1, '49.00'),
(67, 67, 1, '89.94'),
(68, 68, 1, '54.00'),
(69, 69, 1, '20.00'),
(70, 70, 1, '71.00'),
(71, 71, 1, '84.00'),
(72, 72, 1, '71.00'),
(73, 73, 1, '84.00'),
(74, 74, 1, '30.66'),
(75, 75, 1, '0.23'),
(76, 76, 1, '35.95'),
(77, 77, 1, '26.00'),
(78, 78, 1, '52.00'),
(79, 79, 1, '83.66'),
(80, 80, 1, '36.04'),
(81, 81, 1, '1.70'),
(82, 82, 1, '71.00'),
(83, 83, 1, '0.49'),
(84, 84, 1, '637.10'),
(85, 85, 1, '163.66'),
(86, 86, 1, '335.82'),
(87, 87, 1, '3.08'),
(88, 88, 1, '142.78'),
(89, 89, 1, '3.58'),
(90, 90, 1, '3.58'),
(91, 91, 1, '163.00'),
(92, 92, 1, '329.44'),
(93, 93, 1, '6.82'),
(94, 94, 1, '0.92'),
(95, 95, 1, '1.24'),
(96, 96, 1, '0.29'),
(97, 97, 1, '99.00'),
(98, 98, 1, '92.06'),
(99, 99, 1, '155.00'),
(100, 100, 1, '863.00'),
(101, 101, 1, '1530.00'),
(102, 102, 1, '76.50'),
(103, 103, 1, '19.46'),
(104, 104, 1, '22.00'),
(105, 105, 1, '128.67'),
(106, 106, 1, '100.02'),
(107, 107, 1, '1.65'),
(108, 108, 1, '8.82'),
(109, 109, 1, '5.41'),
(110, 110, 1, '63.99'),
(111, 111, 1, '40.00'),
(112, 112, 1, '0.17'),
(113, 113, 1, '0.06'),
(114, 114, 1, '0.26'),
(115, 115, 1, '65.00'),
(116, 116, 1, '0.95'),
(117, 117, 1, '39.29'),
(118, 118, 1, '5.50'),
(119, 119, 1, '63.00'),
(120, 120, 1, '518.67'),
(121, 121, 1, '98.10'),
(122, 122, 1, '2.55'),
(123, 123, 1, '33.00'),
(124, 124, 1, '14.00'),
(125, 125, 1, '4.51'),
(126, 126, 1, '680.00'),
(127, 127, 1, '185.07'),
(128, 128, 1, '185.07'),
(129, 129, 1, '386.62'),
(130, 130, 1, '13.48'),
(131, 131, 1, '82.97'),
(132, 132, 1, '43.10'),
(133, 133, 1, '50.35'),
(134, 134, 1, '95.99'),
(135, 135, 1, '39.13'),
(136, 136, 1, '31.05'),
(137, 137, 1, '38.07'),
(138, 138, 1, '938.00'),
(139, 139, 1, '109.00'),
(140, 140, 1, '45.85'),
(141, 141, 1, '73.00'),
(142, 142, 1, '55.00'),
(143, 143, 1, '890.00'),
(144, 144, 1, '140.00'),
(145, 145, 1, '35.00'),
(146, 146, 1, '45.00'),
(147, 147, 1, '180.00'),
(148, 148, 1, '150.00'),
(149, 149, 1, '39.50'),
(150, 150, 1, '64.00'),
(151, 151, 1, '172.00'),
(152, 152, 1, '14.00'),
(153, 153, 1, '244.00'),
(154, 154, 1, '22.00'),
(155, 155, 1, '23.00'),
(156, 156, 1, '19.00'),
(157, 157, 1, '2.00'),
(158, 158, 1, '40.00'),
(159, 159, 1, '19.00'),
(160, 160, 1, '25.00'),
(161, 161, 1, '12.00'),
(162, 162, 1, '17.56'),
(163, 163, 1, '14.00'),
(164, 164, 1, '1878.00'),
(165, 165, 1, '57.29'),
(166, 166, 1, '2.65'),
(167, 167, 1, '11.22'),
(168, 168, 1, '142.43'),
(169, 169, 1, '65.62'),
(170, 170, 1, '31.72'),
(171, 171, 1, '96.11'),
(172, 172, 1, '19.64'),
(173, 173, 1, '25.60'),
(174, 174, 1, '50.37'),
(175, 175, 1, '47.00'),
(176, 176, 1, '14.51'),
(177, 177, 1, '184.00'),
(178, 178, 1, '191.00'),
(179, 179, 1, '239.00'),
(180, 180, 1, '8.00'),
(181, 181, 1, '1.70'),
(182, 182, 1, '7.99'),
(183, 183, 1, '40.08'),
(184, 184, 1, '0.38'),
(185, 185, 1, '6.11'),
(186, 186, 1, '0.86'),
(187, 187, 1, '20.59'),
(188, 188, 1, '7.40'),
(189, 189, 1, '6.43'),
(190, 190, 1, '9.66'),
(191, 191, 1, '1.01'),
(192, 192, 1, '0.03'),
(193, 193, 1, '26.94'),
(194, 194, 1, '13.36'),
(195, 195, 1, '13.62'),
(196, 196, 1, '12.25'),
(197, 197, 1, '1.76'),
(198, 198, 1, '8.70'),
(199, 199, 1, '9.48'),
(200, 200, 1, '0.16'),
(201, 201, 1, '1.44'),
(202, 202, 1, '1.26'),
(203, 203, 1, '2.46'),
(204, 204, 1, '40.19'),
(205, 205, 1, '40.80'),
(206, 206, 1, '44.00'),
(207, 207, 1, '60.00'),
(208, 208, 1, '56.07'),
(209, 209, 1, '68.00'),
(210, 210, 1, '81.00'),
(211, 211, 1, '2.92'),
(212, 212, 1, '9.93'),
(213, 213, 1, '103.00'),
(214, 214, 1, '0.28'),
(215, 215, 1, '183.22'),
(216, 216, 1, '36.00'),
(217, 217, 1, '0.06'),
(218, 218, 1, '86.00'),
(219, 219, 1, '38.44'),
(220, 220, 1, '20.92'),
(221, 221, 1, '62.00'),
(222, 222, 1, '100.00'),
(223, 223, 1, '64.00'),
(224, 224, 1, '27.76'),
(225, 225, 1, '11.55'),
(226, 226, 1, '32.45'),
(227, 227, 1, '16.94'),
(228, 228, 1, '50.50'),
(229, 229, 1, '35.00'),
(230, 230, 1, '49.00'),
(231, 231, 1, '35.06'),
(232, 232, 1, '47.00'),
(233, 233, 1, '72.00'),
(234, 234, 1, '32.00'),
(235, 235, 1, '2.50'),
(236, 236, 1, '1.64'),
(237, 237, 1, '22.63'),
(238, 238, 1, '26.47'),
(239, 239, 1, '47.02'),
(240, 240, 1, '0.31'),
(241, 241, 1, '49.00'),
(242, 242, 1, '0.25'),
(243, 243, 1, '3.27'),
(244, 244, 1, '0.22'),
(245, 245, 1, '14.13'),
(246, 246, 1, '23.90'),
(247, 247, 1, '22.57'),
(248, 248, 1, '76.62'),
(249, 249, 1, '43.00'),
(250, 250, 1, '83.00'),
(251, 251, 1, '0.25'),
(252, 252, 1, '61.65'),
(253, 253, 1, '100.00'),
(254, 254, 1, '47.32'),
(255, 255, 1, '60.83'),
(256, 256, 1, '64.00'),
(257, 257, 1, '333.00'),
(258, 258, 1, '329.14'),
(259, 259, 1, '7.35'),
(260, 260, 1, '40.62'),
(261, 261, 1, '73.80'),
(262, 262, 1, '16.27'),
(263, 263, 1, '40.00'),
(264, 264, 1, '27.00'),
(265, 265, 1, '2.35'),
(266, 266, 1, '26.38'),
(267, 267, 1, '2.91'),
(268, 268, 1, '12.56'),
(269, 269, 1, '3.96'),
(270, 270, 1, '9.12'),
(271, 271, 1, '388.00'),
(272, 272, 1, '31.15'),
(273, 273, 1, '445.00'),
(274, 274, 1, '64.04'),
(275, 275, 1, '38.77'),
(276, 276, 1, '122.00'),
(277, 277, 1, '18.42'),
(278, 278, 1, '15.15'),
(279, 279, 1, '24.29'),
(280, 280, 1, '73.00'),
(281, 281, 1, '196.00'),
(282, 282, 1, '171.00'),
(283, 283, 1, '107.00'),
(284, 284, 1, '277.00'),
(285, 285, 1, '35.45'),
(286, 286, 1, '73.00'),
(287, 287, 1, '196.00'),
(288, 288, 1, '38.89'),
(289, 289, 1, '10.43'),
(290, 290, 1, '107.00'),
(291, 291, 1, '277.00'),
(292, 292, 1, '122.00'),
(293, 293, 1, '15.21'),
(294, 294, 1, '196.00'),
(295, 295, 1, '640.00'),
(296, 296, 1, '80.00'),
(297, 297, 1, '22.00'),
(298, 298, 1, '22.00'),
(299, 299, 1, '2.92'),
(300, 300, 1, '22.00'),
(301, 301, 1, '22.00'),
(302, 302, 1, '374.00'),
(303, 303, 1, '614.00'),
(304, 304, 1, '32.00'),
(305, 305, 1, '14.56'),
(306, 306, 1, '77.00'),
(307, 307, 1, '93.00'),
(308, 308, 1, '14.49'),
(309, 309, 1, '16.00'),
(310, 310, 1, '99.22'),
(311, 311, 1, '14.00'),
(312, 312, 1, '342.00'),
(313, 313, 1, '1502.00'),
(314, 314, 1, '2166.00'),
(315, 315, 1, '22.79'),
(316, 316, 1, '136.00'),
(317, 317, 1, '17.36'),
(318, 318, 1, '819.00'),
(319, 319, 1, '909.00'),
(320, 320, 1, '997.00'),
(321, 321, 1, '1108.00'),
(322, 322, 1, '53.21'),
(323, 323, 1, '20.87'),
(324, 324, 1, '58.06'),
(325, 325, 1, '59.06'),
(326, 326, 1, '99.45'),
(327, 327, 1, '248.00'),
(328, 328, 1, '60.52'),
(329, 329, 1, '10.00'),
(330, 330, 1, '278.00'),
(331, 331, 1, '73.76'),
(332, 332, 1, '64.14'),
(333, 333, 1, '106.26'),
(334, 334, 1, '69.11'),
(335, 335, 1, '94.58'),
(336, 336, 1, '309.75'),
(337, 337, 1, '77.31'),
(338, 338, 1, '0.67'),
(339, 339, 1, '11.36'),
(340, 340, 1, '8.77'),
(341, 341, 1, '31.72'),
(342, 342, 1, '0.25'),
(343, 343, 1, '14.18'),
(344, 344, 1, '13.13'),
(345, 345, 1, '19.81'),
(346, 346, 1, '10.23'),
(347, 347, 1, '17.83'),
(348, 348, 1, '41.12'),
(349, 349, 1, '22.36'),
(350, 350, 1, '51.67'),
(351, 351, 1, '25.00'),
(352, 352, 1, '171.00'),
(353, 353, 1, '614.00'),
(354, 354, 1, '277.00'),
(355, 355, 1, '196.00'),
(356, 356, 1, '277.00'),
(357, 357, 1, '121.00'),
(358, 358, 1, '53.00'),
(359, 359, 1, '69.15'),
(360, 360, 1, '110.00'),
(361, 361, 1, '520.21'),
(362, 362, 1, '303.34'),
(363, 363, 1, '0.87'),
(364, 364, 1, '1.75'),
(365, 365, 1, '5.00'),
(366, 366, 1, '249.81'),
(367, 367, 1, '108.78'),
(368, 368, 1, '24.80'),
(369, 369, 1, '95.00'),
(370, 370, 1, '90.00'),
(371, 371, 1, '84.00'),
(372, 372, 1, '110.68'),
(373, 373, 1, '65.14'),
(374, 374, 1, '322.00'),
(375, 375, 1, '134.00'),
(376, 376, 1, '10.00'),
(377, 377, 1, '36.00'),
(378, 378, 1, '10.39'),
(379, 379, 1, '5.00'),
(380, 380, 1, '4.00'),
(381, 381, 1, '4.00'),
(382, 382, 1, '0.36'),
(383, 383, 1, '2.00'),
(384, 384, 1, '24.56'),
(385, 385, 1, '23.10'),
(386, 386, 1, '0.81'),
(387, 387, 1, '53.00');

-- --------------------------------------------------------

--
-- Table structure for table `pending_orders`
--

DROP TABLE IF EXISTS `pending_orders`;
CREATE TABLE IF NOT EXISTS `pending_orders` (
  `id` int(10) unsigned NOT NULL AUTO_INCREMENT,
  `session_id` char(32) NOT NULL,
  `order_date` timestamp NOT NULL DEFAULT CURRENT_TIMESTAMP,
  `payload_id` varchar(30) DEFAULT NULL,
  `number` varchar(30) DEFAULT NULL,
  `price_type_id` int(10) unsigned NOT NULL,
  `language_code` varchar(3) NOT NULL,
  `subtotal` decimal(10,2) DEFAULT NULL,
  `handling` decimal(10,2) DEFAULT NULL,
  `shipping_tax_mode` enum('merchandise','total') DEFAULT NULL,
  `shipping_tax_percent` float DEFAULT NULL,
  `shipping_tax` decimal(10,2) DEFAULT NULL,
  `shipping_tax_description` varchar(255) DEFAULT NULL,
  `shipping_type` varchar(255) DEFAULT NULL,
  `shipping_method` varchar(255) DEFAULT NULL,
  `shipping_cost` decimal(10,2) DEFAULT NULL,
  `shipping_instructions` text,
  `payment_type` enum('paypal','creditcard') DEFAULT NULL,
  `total` decimal(10,2) DEFAULT NULL,
  `xml_data` text,
  `status` enum('pending','paypaled') NOT NULL DEFAULT 'pending',
  PRIMARY KEY (`id`),
  KEY `payload_id` (`payload_id`),
  KEY `session_id` (`session_id`)
) ENGINE=InnoDB DEFAULT CHARSET=utf8 AUTO_INCREMENT=1 ;

--
-- Dumping data for table `pending_orders`
--


-- --------------------------------------------------------

--
-- Table structure for table `pending_order_items`
--

DROP TABLE IF EXISTS `pending_order_items`;
CREATE TABLE IF NOT EXISTS `pending_order_items` (
  `id` int(10) unsigned NOT NULL AUTO_INCREMENT,
  `pending_order_id` int(10) unsigned NOT NULL,
  `part_id` int(10) unsigned NOT NULL,
  `quantity` tinyint(4) NOT NULL,
  `uom` varchar(255) DEFAULT NULL,
  `price` decimal(10,2) NOT NULL,
  PRIMARY KEY (`id`)
) ENGINE=InnoDB DEFAULT CHARSET=utf8 AUTO_INCREMENT=1 ;

--
-- Dumping data for table `pending_order_items`
--


-- --------------------------------------------------------

--
-- Table structure for table `pending_order_shipping_details`
--

DROP TABLE IF EXISTS `pending_order_shipping_details`;
CREATE TABLE IF NOT EXISTS `pending_order_shipping_details` (
  `id` int(10) unsigned NOT NULL AUTO_INCREMENT,
  `pending_order_id` int(10) unsigned NOT NULL,
  `full_name` varchar(255) DEFAULT NULL,
  `address1` varchar(255) DEFAULT NULL,
  `address2` varchar(255) DEFAULT NULL,
  `city` varchar(255) DEFAULT NULL,
  `postal_code` varchar(255) DEFAULT NULL,
  `country_code` varchar(2) DEFAULT NULL,
  `state_code` varchar(2) DEFAULT NULL,
  `email` varchar(255) DEFAULT NULL,
  `phone` varchar(255) DEFAULT NULL,
  PRIMARY KEY (`id`)
) ENGINE=InnoDB DEFAULT CHARSET=utf8 AUTO_INCREMENT=1 ;

--
-- Dumping data for table `pending_order_shipping_details`
--


-- --------------------------------------------------------

--
-- Table structure for table `price_types`
--

DROP TABLE IF EXISTS `price_types`;
CREATE TABLE IF NOT EXISTS `price_types` (
  `id` int(10) unsigned NOT NULL AUTO_INCREMENT,
  `description` varchar(255) NOT NULL,
  `sign` varchar(10) NOT NULL,
  `currency` varchar(3) NOT NULL,
  PRIMARY KEY (`id`)
) ENGINE=InnoDB  DEFAULT CHARSET=utf8 AUTO_INCREMENT=2 ;

--
-- Dumping data for table `price_types`
--

INSERT INTO `price_types` (`id`, `description`, `sign`, `currency`) VALUES
(1, 'US/International', '$', 'USD');

-- --------------------------------------------------------

--
-- Table structure for table `shipping_cache`
--

DROP TABLE IF EXISTS `shipping_cache`;
CREATE TABLE IF NOT EXISTS `shipping_cache` (
  `md5_request` char(32) NOT NULL,
  `session_id` char(32) NOT NULL,
  `response` text NOT NULL,
  PRIMARY KEY (`session_id`,`md5_request`)
) ENGINE=MyISAM DEFAULT CHARSET=utf8;

--
-- Dumping data for table `shipping_cache`
--

